<?xml version="1.0" standalone="yes" ?>
<scorecard>
	<match id="14230" >
		<type>TEST</type>
		<gameDesc>County Div 1</gameDesc>
		<series>County Championship Division One 2015</series>
		<matchday>3</matchday>
		<home>Yorkshire</home>
		<away>Middlesex</away>
		<teamsabbr>YORKS vs MDX</teamsabbr>
		<homeabbr>YORKS</homeabbr>
		<awayabbr>MDX</awayabbr>
		<homeId>146</homeId>
		<awayId>74</awayId>
		<venue>Headingley, Leeds</venue>
		<startdate>07 06 2015</startdate>
		<enddate>10 06 2015</enddate>
		<toss>
			<winner>Middlesex</winner>
			<decision>Batting</decision>
		</toss>
		<state>complete</state>
		<status>Yorkshire won by 4 wkts</status>
		<result type="win">
			<winningteam>Yorkshire</winningteam>
			<wonbyruns></wonbyruns>
			<wonbywickets>4</wonbywickets>
			
		</result>
		<manofmatch></manofmatch>
		<manofseries></manofseries>
		<umpires>
		<Umpire1>
			<Name>Jeff Evans</Name>
			<Country>Eng</Country>
		</Umpire1>
		<Umpire2>
			<Name>Martin Saggers</Name>
			<Country>Eng</Country>
		</Umpire2>
		</umpires>
		<starttimeGMT>10:00</starttimeGMT>
		<prevDayPerGMT>false</prevDayPerGMT>
		<actualendGMT>20150609172936</actualendGMT>
	</match>
	<currentscores>
		<currentinningsno>4</currentinningsno>
		<batteamname>Yorks</batteamname>
		<bwlteamname>MDX</bwlteamname>
		<batteamruns>215</batteamruns>
		<batteamwkts>6</batteamwkts>
		<batteamovers>65.4</batteamovers>
		<status>Yorkshire won by 4 wkts</status>
		<batsman>
			<playerid>7662</playerid>
			<name>Glenn Maxwell*</name>
			<batsman-name>Maxwell</batsman-name>
			<batsman-nickname>Maxwell</batsman-nickname>
			<runs>23</runs>
			<balls-faced>27</balls-faced>
			<fours>3</fours>
			<sixes>1</sixes>
		</batsman>
		<batsman>
			<playerid>9362</playerid>
			<name>Will Rhodes</name>
			<batsman-name>W Rhodes</batsman-name>
			<batsman-nickname>Rhodes</batsman-nickname>
			<runs>10</runs>
			<balls-faced>19</balls-faced>
			<fours>1</fours>
			<sixes>0</sixes>
		</batsman>
		<bowler>
			<playerid>6580</playerid>
			<name>James Harris*</name>
			<bowler-name>J Harris</bowler-name>
			<bowler-nickname>James Harris</bowler-nickname>
			<overs>12.4</overs>
			<maidens>2</maidens>
			<runs>56</runs>
			<wickets>1</wickets>
		</bowler>
		<bowler>
			<playerid>6661</playerid>
			<name>Tim Murtagh</name>
			<bowler-name>Murtagh</bowler-name>
			<bowler-nickname>Murtagh</bowler-nickname>
			<overs>13</overs>
			<maidens>3</maidens>
			<runs>36</runs>
			<wickets>1</wickets>
		</bowler>
		<maxovers>90</maxovers>
		<target>213</target>
<lastwicket>
<playerid>6501</playerid>
<name>Andrew Gale</name>
<player-runs>37</player-runs>
<player-balls>65</player-balls>
<runs>189</runs>
<wicket-nbr>6</wicket-nbr>
<bowlerid>6661</bowlerid>
<bowlername>Murtagh</bowlername>
</lastwicket>
		<extras>
			<byes>4</byes>
			<wides>0</wides>
			<noballs>2</noballs>
			<legbyes>8</legbyes>
			<penalty>0</penalty>
			<total>14</total>
		</extras>
		<prevOvers><![CDATA[. 1 . . . 4 <b>&nbsp;&nbsp;|&nbsp;&nbsp;</b>. . . 4 . . <b>&nbsp;&nbsp;|&nbsp;&nbsp;</b>. . . . 1 . <b>&nbsp;&nbsp;|&nbsp;&nbsp;</b>. 4 . 6 ]]></prevOvers>
		<last-over>http://synd.cricbuzz.com/dinamalar/data/2015/2015_COUNTY_DIV1/YORKS_MDX_JUN07_JUN10/over-detail.xml</last-over>
	</currentscores>
		<commentary>		
					
		</commentary>
	<innings no="1">
		<totalruns>212</totalruns>
		<totalwickets>10</totalwickets>
		<totalovers>68.5</totalovers>
		<declared>no</declared>
		<followon>no</followon>
		<batteam name="Middlesex">
			<players>
				<player>
					<playerid>6651</playerid>
					<name>Sam Robson</name>
					<batsman-name>S Robson</batsman-name>
					<batsman-nickname>Sam Robson</batsman-nickname>
					<captain>no</captain>
					<keeper>no</keeper>
					<runs>41</runs>
					<balls>82</balls>
					<fours>5</fours>
					<sixes>0</sixes>
					<status><![CDATA[bowled]]></status>
					<bowler>J Brooks</bowler>
					<bowlerId>6583</bowlerId>
						<fielder></fielder>
						<fielderId>0</fielderId>
						<fielder2></fielder2>
						<fielderId2>0</fielderId2>
						<fielder3></fielder3>
						<fielderId3>0</fielderId3>
					<yetToBat>false</yetToBat>
				</player>
				<player>
					<playerid>8121</playerid>
					<name>Joe Burns</name>
					<batsman-name>J Burns</batsman-name>
					<batsman-nickname>Burns</batsman-nickname>
					<captain>no</captain>
					<keeper>no</keeper>
					<runs>4</runs>
					<balls>9</balls>
					<fours>1</fours>
					<sixes>0</sixes>
					<status><![CDATA[lbw]]></status>
					<bowler>J Brooks</bowler>
					<bowlerId>6583</bowlerId>
						<fielder></fielder>
						<fielderId>0</fielderId>
						<fielder2></fielder2>
						<fielderId2>0</fielderId2>
						<fielder3></fielder3>
						<fielderId3>0</fielderId3>
					<yetToBat>false</yetToBat>
				</player>
				<player>
					<playerid>6568</playerid>
					<name>Nick Compton</name>
					<batsman-name>N Compton</batsman-name>
					<batsman-nickname>Compton</batsman-nickname>
					<captain>no</captain>
					<keeper>no</keeper>
					<runs>70</runs>
					<balls>153</balls>
					<fours>9</fours>
					<sixes>0</sixes>
					<status><![CDATA[caught]]></status>
					<bowler>J Brooks</bowler>
					<bowlerId>6583</bowlerId>
						<fielder>Jack Leaning</fielder>
						<fielderId>9411</fielderId>
						<fielder2></fielder2>
						<fielderId2>0</fielderId2>
						<fielder3></fielder3>
						<fielderId3>0</fielderId3>
					<yetToBat>false</yetToBat>
				</player>
				<player>
					<playerid>6660</playerid>
					<name>Dawid Malan</name>
					<batsman-name>D Malan</batsman-name>
					<batsman-nickname>Malan</batsman-nickname>
					<captain>no</captain>
					<keeper>no</keeper>
					<runs>9</runs>
					<balls>22</balls>
					<fours>2</fours>
					<sixes>0</sixes>
					<status><![CDATA[caught]]></status>
					<bowler>S Patterson</bowler>
					<bowlerId>6505</bowlerId>
						<fielder>Jonathan Bairstow</fielder>
						<fielderId>6507</fielderId>
						<fielder2></fielder2>
						<fielderId2>0</fielderId2>
						<fielder3></fielder3>
						<fielderId3>0</fielderId3>
					<yetToBat>false</yetToBat>
				</player>
				<player>
					<playerid>6648</playerid>
					<name>Neil Dexter</name>
					<batsman-name>N Dexter</batsman-name>
					<batsman-nickname>Dexter</batsman-nickname>
					<captain>no</captain>
					<keeper>no</keeper>
					<runs>0</runs>
					<balls>9</balls>
					<fours>0</fours>
					<sixes>0</sixes>
					<status><![CDATA[caught]]></status>
					<bowler>J Brooks</bowler>
					<bowlerId>6583</bowlerId>
						<fielder>Jonathan Bairstow</fielder>
						<fielderId>6507</fielderId>
						<fielder2></fielder2>
						<fielderId2>0</fielderId2>
						<fielder3></fielder3>
						<fielderId3>0</fielderId3>
					<yetToBat>false</yetToBat>
				</player>
				<player>
					<playerid>419</playerid>
					<name>James Franklin</name>
					<batsman-name>Franklin</batsman-name>
					<batsman-nickname>Franklin</batsman-nickname>
					<captain>yes</captain>
					<keeper>no</keeper>
					<runs>3</runs>
					<balls>29</balls>
					<fours>0</fours>
					<sixes>0</sixes>
					<status><![CDATA[caught]]></status>
					<bowler>Maxwell</bowler>
					<bowlerId>7662</bowlerId>
						<fielder>Jack Leaning</fielder>
						<fielderId>9411</fielderId>
						<fielder2></fielder2>
						<fielderId2>0</fielderId2>
						<fielder3></fielder3>
						<fielderId3>0</fielderId3>
					<yetToBat>false</yetToBat>
				</player>
				<player>
					<playerid>6653</playerid>
					<name>John Simpson</name>
					<batsman-name>J Simpson</batsman-name>
					<batsman-nickname>Simpson</batsman-nickname>
					<captain>no</captain>
					<keeper>yes</keeper>
					<runs>0</runs>
					<balls>2</balls>
					<fours>0</fours>
					<sixes>0</sixes>
					<status><![CDATA[lbw]]></status>
					<bowler>Maxwell</bowler>
					<bowlerId>7662</bowlerId>
						<fielder></fielder>
						<fielderId>0</fielderId>
						<fielder2></fielder2>
						<fielderId2>0</fielderId2>
						<fielder3></fielder3>
						<fielderId3>0</fielderId3>
					<yetToBat>false</yetToBat>
				</player>
				<player>
					<playerid>6566</playerid>
					<name>Ollie Rayner</name>
					<batsman-name>O Rayner</batsman-name>
					<batsman-nickname>Rayner</batsman-nickname>
					<captain>no</captain>
					<keeper>no</keeper>
					<runs>20</runs>
					<balls>14</balls>
					<fours>5</fours>
					<sixes>0</sixes>
					<status><![CDATA[bowled]]></status>
					<bowler>Maxwell</bowler>
					<bowlerId>7662</bowlerId>
						<fielder></fielder>
						<fielderId>0</fielderId>
						<fielder2></fielder2>
						<fielderId2>0</fielderId2>
						<fielder3></fielder3>
						<fielderId3>0</fielderId3>
					<yetToBat>false</yetToBat>
				</player>
				<player>
					<playerid>6580</playerid>
					<name>James Harris</name>
					<batsman-name>J Harris</batsman-name>
					<batsman-nickname>James Harris</batsman-nickname>
					<captain>no</captain>
					<keeper>no</keeper>
					<runs>22</runs>
					<balls>54</balls>
					<fours>3</fours>
					<sixes>0</sixes>
					<status><![CDATA[caught]]></status>
					<bowler>J Brooks</bowler>
					<bowlerId>6583</bowlerId>
						<fielder>Gary Ballance</fielder>
						<fielderId>6679</fielderId>
						<fielder2></fielder2>
						<fielderId2>0</fielderId2>
						<fielder3></fielder3>
						<fielderId3>0</fielderId3>
					<yetToBat>false</yetToBat>
				</player>
				<player>
					<playerid>6662</playerid>
					<name>Toby Roland-Jones</name>
					<batsman-name>Roland-Jones</batsman-name>
					<batsman-nickname>Roland-Jones</batsman-nickname>
					<captain>no</captain>
					<keeper>no</keeper>
					<runs>11</runs>
					<balls>15</balls>
					<fours>0</fours>
					<sixes>0</sixes>
					<status><![CDATA[lbw]]></status>
					<bowler>S Patterson</bowler>
					<bowlerId>6505</bowlerId>
						<fielder></fielder>
						<fielderId>0</fielderId>
						<fielder2></fielder2>
						<fielderId2>0</fielderId2>
						<fielder3></fielder3>
						<fielderId3>0</fielderId3>
					<yetToBat>false</yetToBat>
				</player>
				<player>
					<playerid>6661</playerid>
					<name>Tim Murtagh</name>
					<batsman-name>Murtagh</batsman-name>
					<batsman-nickname>Murtagh</batsman-nickname>
					<captain>no</captain>
					<keeper>no</keeper>
					<runs>17</runs>
					<balls>24</balls>
					<fours>1</fours>
					<sixes>0</sixes>
					<status><![CDATA[batting]]></status>
					<bowler></bowler>
					<bowlerId>0</bowlerId>
						<fielder></fielder>
						<fielderId>0</fielderId>
						<fielder2></fielder2>
						<fielderId2>0</fielderId2>
						<fielder3></fielder3>
						<fielderId3>0</fielderId3>
					<yetToBat>false</yetToBat>
				</player>
			</players>
		</batteam>
		<fallofwickets>
			<wicket>
				<playerid>8121</playerid>
				<nbr>1</nbr>
				<runs>6</runs>
				<overs>3.3</overs>
				<batsman>Joe Burns</batsman>
				<batsman-name>J Burns</batsman-name>
			</wicket>
			<wicket>
				<playerid>6651</playerid>
				<nbr>2</nbr>
				<runs>68</runs>
				<overs>24.5</overs>
				<batsman>Sam Robson</batsman>
				<batsman-name>S Robson</batsman-name>
			</wicket>
			<wicket>
				<playerid>6660</playerid>
				<nbr>3</nbr>
				<runs>83</runs>
				<overs>31.6</overs>
				<batsman>Dawid Malan</batsman>
				<batsman-name>D Malan</batsman-name>
			</wicket>
			<wicket>
				<playerid>6648</playerid>
				<nbr>4</nbr>
				<runs>92</runs>
				<overs>36.2</overs>
				<batsman>Neil Dexter</batsman>
				<batsman-name>N Dexter</batsman-name>
			</wicket>
			<wicket>
				<playerid>419</playerid>
				<nbr>5</nbr>
				<runs>119</runs>
				<overs>47.2</overs>
				<batsman>James Franklin</batsman>
				<batsman-name>Franklin</batsman-name>
			</wicket>
			<wicket>
				<playerid>6653</playerid>
				<nbr>6</nbr>
				<runs>119</runs>
				<overs>47.4</overs>
				<batsman>John Simpson</batsman>
				<batsman-name>J Simpson</batsman-name>
			</wicket>
			<wicket>
				<playerid>6566</playerid>
				<nbr>7</nbr>
				<runs>147</runs>
				<overs>51.4</overs>
				<batsman>Ollie Rayner</batsman>
				<batsman-name>O Rayner</batsman-name>
			</wicket>
			<wicket>
				<playerid>6568</playerid>
				<nbr>8</nbr>
				<runs>171</runs>
				<overs>56.4</overs>
				<batsman>Nick Compton</batsman>
				<batsman-name>N Compton</batsman-name>
			</wicket>
			<wicket>
				<playerid>6662</playerid>
				<nbr>9</nbr>
				<runs>188</runs>
				<overs>63.1</overs>
				<batsman>Toby Roland-Jones</batsman>
				<batsman-name>Roland-Jones</batsman-name>
			</wicket>
			<wicket>
				<playerid>6580</playerid>
				<nbr>10</nbr>
				<runs>212</runs>
				<overs>68.5</overs>
				<batsman>James Harris</batsman>
				<batsman-name>J Harris</batsman-name>
			</wicket>
		</fallofwickets>
		<extras>
			<byes>12</byes>
			<wides>0</wides>
			<noballs>0</noballs>
			<legbyes>3</legbyes>
			<penalty>0</penalty>
			<total>15</total>
		</extras>
		<bowlteam name="Yorkshire">
			<players>
				<player>
					<playerid>537</playerid>
					<name>Tim Bresnan</name>
					<bowler-name>T Bresnan</bowler-name>
					<bowler-nickname>Bresnan</bowler-nickname>
					<captain>no</captain>
					<keeper>no</keeper>
					<overs>15</overs>
					<maidens>6</maidens>
					<runsoff>36</runsoff>
					<wickets>0</wickets>
					<wides>0</wides>
					<noballs>0</noballs>
				</player>
				<player>
					<playerid>6583</playerid>
					<name>Jack Brooks</name>
					<bowler-name>J Brooks</bowler-name>
					<bowler-nickname>Brooks</bowler-nickname>
					<captain>no</captain>
					<keeper>no</keeper>
					<overs>18.5</overs>
					<maidens>4</maidens>
					<runsoff>44</runsoff>
					<wickets>5</wickets>
					<wides>0</wides>
					<noballs>0</noballs>
				</player>
				<player>
					<playerid>6505</playerid>
					<name>Steven Patterson</name>
					<bowler-name>S Patterson</bowler-name>
					<bowler-nickname>Patterson</bowler-nickname>
					<captain>no</captain>
					<keeper>no</keeper>
					<overs>19</overs>
					<maidens>7</maidens>
					<runsoff>42</runsoff>
					<wickets>2</wickets>
					<wides>0</wides>
					<noballs>0</noballs>
				</player>
				<player>
					<playerid>9362</playerid>
					<name>Will Rhodes</name>
					<bowler-name>W Rhodes</bowler-name>
					<bowler-nickname>Rhodes</bowler-nickname>
					<captain>no</captain>
					<keeper>no</keeper>
					<overs>5</overs>
					<maidens>1</maidens>
					<runsoff>20</runsoff>
					<wickets>0</wickets>
					<wides>0</wides>
					<noballs>0</noballs>
				</player>
				<player>
					<playerid>7662</playerid>
					<name>Glenn Maxwell</name>
					<bowler-name>Maxwell</bowler-name>
					<bowler-nickname>Maxwell</bowler-nickname>
					<captain>no</captain>
					<keeper>no</keeper>
					<overs>11</overs>
					<maidens>1</maidens>
					<runsoff>55</runsoff>
					<wickets>3</wickets>
					<wides>0</wides>
					<noballs>0</noballs>
				</player>
				<player>
					<playerid>6511</playerid>
					<name>Adam Lyth</name>
					<bowler-name>A Lyth</bowler-name>
					<bowler-nickname>Lyth</bowler-nickname>
					<captain>no</captain>
					<keeper>no</keeper>
					<overs>0</overs>
					<maidens>0</maidens>
					<runsoff>0</runsoff>
					<wickets>0</wickets>
					<wides>0</wides>
					<noballs>0</noballs>
				</player>
				<player>
					<playerid>8345</playerid>
					<name>Alex Lees</name>
					<bowler-name>A Lees</bowler-name>
					<bowler-nickname>A Lees</bowler-nickname>
					<captain>no</captain>
					<keeper>no</keeper>
					<overs>0</overs>
					<maidens>0</maidens>
					<runsoff>0</runsoff>
					<wickets>0</wickets>
					<wides>0</wides>
					<noballs>0</noballs>
				</player>
				<player>
					<playerid>6679</playerid>
					<name>Gary Ballance</name>
					<bowler-name>Ballance</bowler-name>
					<bowler-nickname>Ballance</bowler-nickname>
					<captain>no</captain>
					<keeper>no</keeper>
					<overs>0</overs>
					<maidens>0</maidens>
					<runsoff>0</runsoff>
					<wickets>0</wickets>
					<wides>0</wides>
					<noballs>0</noballs>
				</player>
				<player>
					<playerid>6501</playerid>
					<name>Andrew Gale</name>
					<bowler-name>A Gale</bowler-name>
					<bowler-nickname>Gale</bowler-nickname>
					<captain>yes</captain>
					<keeper>no</keeper>
					<overs>0</overs>
					<maidens>0</maidens>
					<runsoff>0</runsoff>
					<wickets>0</wickets>
					<wides>0</wides>
					<noballs>0</noballs>
				</player>
				<player>
					<playerid>6507</playerid>
					<name>Jonathan Bairstow</name>
					<bowler-name>Bairstow</bowler-name>
					<bowler-nickname>Bairstow</bowler-nickname>
					<captain>no</captain>
					<keeper>yes</keeper>
					<overs>0</overs>
					<maidens>0</maidens>
					<runsoff>0</runsoff>
					<wickets>0</wickets>
					<wides>0</wides>
					<noballs>0</noballs>
				</player>
				<player>
					<playerid>9411</playerid>
					<name>Jack Leaning</name>
					<bowler-name>Jack Leaning</bowler-name>
					<bowler-nickname>Jack Leaning</bowler-nickname>
					<captain>no</captain>
					<keeper>no</keeper>
					<overs>0</overs>
					<maidens>0</maidens>
					<runsoff>0</runsoff>
					<wickets>0</wickets>
					<wides>0</wides>
					<noballs>0</noballs>
				</player>
			</players>
		</bowlteam>
	</innings>
	<innings no="2">
		<totalruns>229</totalruns>
		<totalwickets>10</totalwickets>
		<totalovers>72.5</totalovers>
		<declared>no</declared>
		<followon>no</followon>
		<batteam name="Yorkshire">
			<players>
				<player>
					<playerid>6511</playerid>
					<name>Adam Lyth</name>
					<batsman-name>A Lyth</batsman-name>
					<batsman-nickname>Lyth</batsman-nickname>
					<captain>no</captain>
					<keeper>no</keeper>
					<runs>17</runs>
					<balls>17</balls>
					<fours>4</fours>
					<sixes>0</sixes>
					<status><![CDATA[caught]]></status>
					<bowler>Roland-Jones</bowler>
					<bowlerId>6662</bowlerId>
						<fielder>Ollie Rayner</fielder>
						<fielderId>6566</fielderId>
						<fielder2></fielder2>
						<fielderId2>0</fielderId2>
						<fielder3></fielder3>
						<fielderId3>0</fielderId3>
					<yetToBat>false</yetToBat>
				</player>
				<player>
					<playerid>8345</playerid>
					<name>Alex Lees</name>
					<batsman-name>A Lees</batsman-name>
					<batsman-nickname>A Lees</batsman-nickname>
					<captain>no</captain>
					<keeper>no</keeper>
					<runs>11</runs>
					<balls>22</balls>
					<fours>2</fours>
					<sixes>0</sixes>
					<status><![CDATA[caught]]></status>
					<bowler>Murtagh</bowler>
					<bowlerId>6661</bowlerId>
						<fielder>Ollie Rayner</fielder>
						<fielderId>6566</fielderId>
						<fielder2></fielder2>
						<fielderId2>0</fielderId2>
						<fielder3></fielder3>
						<fielderId3>0</fielderId3>
					<yetToBat>false</yetToBat>
				</player>
				<player>
					<playerid>6679</playerid>
					<name>Gary Ballance</name>
					<batsman-name>Ballance</batsman-name>
					<batsman-nickname>Ballance</batsman-nickname>
					<captain>no</captain>
					<keeper>no</keeper>
					<runs>1</runs>
					<balls>14</balls>
					<fours>0</fours>
					<sixes>0</sixes>
					<status><![CDATA[lbw]]></status>
					<bowler>Murtagh</bowler>
					<bowlerId>6661</bowlerId>
						<fielder></fielder>
						<fielderId>0</fielderId>
						<fielder2></fielder2>
						<fielderId2>0</fielderId2>
						<fielder3></fielder3>
						<fielderId3>0</fielderId3>
					<yetToBat>false</yetToBat>
				</player>
				<player>
					<playerid>6501</playerid>
					<name>Andrew Gale</name>
					<batsman-name>A Gale</batsman-name>
					<batsman-nickname>Gale</batsman-nickname>
					<captain>yes</captain>
					<keeper>no</keeper>
					<runs>18</runs>
					<balls>28</balls>
					<fours>3</fours>
					<sixes>0</sixes>
					<status><![CDATA[lbw]]></status>
					<bowler>J Harris</bowler>
					<bowlerId>6580</bowlerId>
						<fielder></fielder>
						<fielderId>0</fielderId>
						<fielder2></fielder2>
						<fielderId2>0</fielderId2>
						<fielder3></fielder3>
						<fielderId3>0</fielderId3>
					<yetToBat>false</yetToBat>
				</player>
				<player>
					<playerid>6507</playerid>
					<name>Jonathan Bairstow</name>
					<batsman-name>Bairstow</batsman-name>
					<batsman-nickname>Bairstow</batsman-nickname>
					<captain>no</captain>
					<keeper>yes</keeper>
					<runs>125</runs>
					<balls>187</balls>
					<fours>10</fours>
					<sixes>4</sixes>
					<status><![CDATA[batting]]></status>
					<bowler></bowler>
					<bowlerId>0</bowlerId>
						<fielder></fielder>
						<fielderId>0</fielderId>
						<fielder2></fielder2>
						<fielderId2>0</fielderId2>
						<fielder3></fielder3>
						<fielderId3>0</fielderId3>
					<yetToBat>false</yetToBat>
				</player>
				<player>
					<playerid>9411</playerid>
					<name>Jack Leaning</name>
					<batsman-name>Jack Leaning</batsman-name>
					<batsman-nickname>Jack Leaning</batsman-nickname>
					<captain>no</captain>
					<keeper>no</keeper>
					<runs>20</runs>
					<balls>36</balls>
					<fours>3</fours>
					<sixes>0</sixes>
					<status><![CDATA[lbw]]></status>
					<bowler>Roland-Jones</bowler>
					<bowlerId>6662</bowlerId>
						<fielder></fielder>
						<fielderId>0</fielderId>
						<fielder2></fielder2>
						<fielderId2>0</fielderId2>
						<fielder3></fielder3>
						<fielderId3>0</fielderId3>
					<yetToBat>false</yetToBat>
				</player>
				<player>
					<playerid>7662</playerid>
					<name>Glenn Maxwell</name>
					<batsman-name>Maxwell</batsman-name>
					<batsman-nickname>Maxwell</batsman-nickname>
					<captain>no</captain>
					<keeper>no</keeper>
					<runs>0</runs>
					<balls>2</balls>
					<fours>0</fours>
					<sixes>0</sixes>
					<status><![CDATA[caught]]></status>
					<bowler>Roland-Jones</bowler>
					<bowlerId>6662</bowlerId>
						<fielder>John Simpson</fielder>
						<fielderId>6653</fielderId>
						<fielder2></fielder2>
						<fielderId2>0</fielderId2>
						<fielder3></fielder3>
						<fielderId3>0</fielderId3>
					<yetToBat>false</yetToBat>
				</player>
				<player>
					<playerid>9362</playerid>
					<name>Will Rhodes</name>
					<batsman-name>W Rhodes</batsman-name>
					<batsman-nickname>Rhodes</batsman-nickname>
					<captain>no</captain>
					<keeper>no</keeper>
					<runs>11</runs>
					<balls>34</balls>
					<fours>1</fours>
					<sixes>0</sixes>
					<status><![CDATA[caught]]></status>
					<bowler>Murtagh</bowler>
					<bowlerId>6661</bowlerId>
						<fielder>John Simpson</fielder>
						<fielderId>6653</fielderId>
						<fielder2></fielder2>
						<fielderId2>0</fielderId2>
						<fielder3></fielder3>
						<fielderId3>0</fielderId3>
					<yetToBat>false</yetToBat>
				</player>
				<player>
					<playerid>537</playerid>
					<name>Tim Bresnan</name>
					<batsman-name>T Bresnan</batsman-name>
					<batsman-nickname>Bresnan</batsman-nickname>
					<captain>no</captain>
					<keeper>no</keeper>
					<runs>4</runs>
					<balls>19</balls>
					<fours>1</fours>
					<sixes>0</sixes>
					<status><![CDATA[caught]]></status>
					<bowler>J Harris</bowler>
					<bowlerId>6580</bowlerId>
						<fielder>Ollie Rayner</fielder>
						<fielderId>6566</fielderId>
						<fielder2></fielder2>
						<fielderId2>0</fielderId2>
						<fielder3></fielder3>
						<fielderId3>0</fielderId3>
					<yetToBat>false</yetToBat>
				</player>
				<player>
					<playerid>6505</playerid>
					<name>Steven Patterson</name>
					<batsman-name>S Patterson</batsman-name>
					<batsman-nickname>Patterson</batsman-nickname>
					<captain>no</captain>
					<keeper>no</keeper>
					<runs>12</runs>
					<balls>52</balls>
					<fours>1</fours>
					<sixes>0</sixes>
					<status><![CDATA[bowled]]></status>
					<bowler>Roland-Jones</bowler>
					<bowlerId>6662</bowlerId>
						<fielder></fielder>
						<fielderId>0</fielderId>
						<fielder2></fielder2>
						<fielderId2>0</fielderId2>
						<fielder3></fielder3>
						<fielderId3>0</fielderId3>
					<yetToBat>false</yetToBat>
				</player>
				<player>
					<playerid>6583</playerid>
					<name>Jack Brooks</name>
					<batsman-name>J Brooks</batsman-name>
					<batsman-nickname>Brooks</batsman-nickname>
					<captain>no</captain>
					<keeper>no</keeper>
					<runs>6</runs>
					<balls>26</balls>
					<fours>0</fours>
					<sixes>0</sixes>
					<status><![CDATA[caught]]></status>
					<bowler>O Rayner</bowler>
					<bowlerId>6566</bowlerId>
						<fielder>John Simpson</fielder>
						<fielderId>6653</fielderId>
						<fielder2></fielder2>
						<fielderId2>0</fielderId2>
						<fielder3></fielder3>
						<fielderId3>0</fielderId3>
					<yetToBat>false</yetToBat>
				</player>
			</players>
		</batteam>
		<fallofwickets>
			<wicket>
				<playerid>6511</playerid>
				<nbr>1</nbr>
				<runs>29</runs>
				<overs>5.6</overs>
				<batsman>Adam Lyth</batsman>
				<batsman-name>A Lyth</batsman-name>
			</wicket>
			<wicket>
				<playerid>8345</playerid>
				<nbr>2</nbr>
				<runs>29</runs>
				<overs>6.3</overs>
				<batsman>Alex Lees</batsman>
				<batsman-name>A Lees</batsman-name>
			</wicket>
			<wicket>
				<playerid>6679</playerid>
				<nbr>3</nbr>
				<runs>36</runs>
				<overs>10.2</overs>
				<batsman>Gary Ballance</batsman>
				<batsman-name>Ballance</batsman-name>
			</wicket>
			<wicket>
				<playerid>6501</playerid>
				<nbr>4</nbr>
				<runs>52</runs>
				<overs>15.3</overs>
				<batsman>Andrew Gale</batsman>
				<batsman-name>A Gale</batsman-name>
			</wicket>
			<wicket>
				<playerid>9411</playerid>
				<nbr>5</nbr>
				<runs>96</runs>
				<overs>27.1</overs>
				<batsman>Jack Leaning</batsman>
				<batsman-name>Jack Leaning</batsman-name>
			</wicket>
			<wicket>
				<playerid>7662</playerid>
				<nbr>6</nbr>
				<runs>96</runs>
				<overs>27.3</overs>
				<batsman>Glenn Maxwell</batsman>
				<batsman-name>Maxwell</batsman-name>
			</wicket>
			<wicket>
				<playerid>9362</playerid>
				<nbr>7</nbr>
				<runs>131</runs>
				<overs>40.1</overs>
				<batsman>Will Rhodes</batsman>
				<batsman-name>W Rhodes</batsman-name>
			</wicket>
			<wicket>
				<playerid>537</playerid>
				<nbr>8</nbr>
				<runs>142</runs>
				<overs>45.2</overs>
				<batsman>Tim Bresnan</batsman>
				<batsman-name>T Bresnan</batsman-name>
			</wicket>
			<wicket>
				<playerid>6505</playerid>
				<nbr>9</nbr>
				<runs>170</runs>
				<overs>59.3</overs>
				<batsman>Steven Patterson</batsman>
				<batsman-name>S Patterson</batsman-name>
			</wicket>
			<wicket>
				<playerid>6583</playerid>
				<nbr>10</nbr>
				<runs>229</runs>
				<overs>72.5</overs>
				<batsman>Jack Brooks</batsman>
				<batsman-name>J Brooks</batsman-name>
			</wicket>
		</fallofwickets>
		<extras>
			<byes>1</byes>
			<wides>0</wides>
			<noballs>0</noballs>
			<legbyes>3</legbyes>
			<penalty>0</penalty>
			<total>4</total>
		</extras>
		<bowlteam name="Middlesex">
			<players>
				<player>
					<playerid>6661</playerid>
					<name>Tim Murtagh</name>
					<bowler-name>Murtagh</bowler-name>
					<bowler-nickname>Murtagh</bowler-nickname>
					<captain>no</captain>
					<keeper>no</keeper>
					<overs>21</overs>
					<maidens>4</maidens>
					<runsoff>62</runsoff>
					<wickets>3</wickets>
					<wides>0</wides>
					<noballs>0</noballs>
				</player>
				<player>
					<playerid>6662</playerid>
					<name>Toby Roland-Jones</name>
					<bowler-name>Roland-Jones</bowler-name>
					<bowler-nickname>Roland-Jones</bowler-nickname>
					<captain>no</captain>
					<keeper>no</keeper>
					<overs>23</overs>
					<maidens>5</maidens>
					<runsoff>78</runsoff>
					<wickets>4</wickets>
					<wides>0</wides>
					<noballs>0</noballs>
				</player>
				<player>
					<playerid>6580</playerid>
					<name>James Harris</name>
					<bowler-name>J Harris</bowler-name>
					<bowler-nickname>James Harris</bowler-nickname>
					<captain>no</captain>
					<keeper>no</keeper>
					<overs>15</overs>
					<maidens>0</maidens>
					<runsoff>47</runsoff>
					<wickets>2</wickets>
					<wides>0</wides>
					<noballs>0</noballs>
				</player>
				<player>
					<playerid>6648</playerid>
					<name>Neil Dexter</name>
					<bowler-name>N Dexter</bowler-name>
					<bowler-nickname>Dexter</bowler-nickname>
					<captain>no</captain>
					<keeper>no</keeper>
					<overs>11</overs>
					<maidens>2</maidens>
					<runsoff>19</runsoff>
					<wickets>0</wickets>
					<wides>0</wides>
					<noballs>0</noballs>
				</player>
				<player>
					<playerid>6566</playerid>
					<name>Ollie Rayner</name>
					<bowler-name>O Rayner</bowler-name>
					<bowler-nickname>Rayner</bowler-nickname>
					<captain>no</captain>
					<keeper>no</keeper>
					<overs>2.5</overs>
					<maidens>0</maidens>
					<runsoff>19</runsoff>
					<wickets>1</wickets>
					<wides>0</wides>
					<noballs>0</noballs>
				</player>
				<player>
					<playerid>6651</playerid>
					<name>Sam Robson</name>
					<bowler-name>S Robson</bowler-name>
					<bowler-nickname>Sam Robson</bowler-nickname>
					<captain>no</captain>
					<keeper>no</keeper>
					<overs>0</overs>
					<maidens>0</maidens>
					<runsoff>0</runsoff>
					<wickets>0</wickets>
					<wides>0</wides>
					<noballs>0</noballs>
				</player>
				<player>
					<playerid>8121</playerid>
					<name>Joe Burns</name>
					<bowler-name>J Burns</bowler-name>
					<bowler-nickname>Burns</bowler-nickname>
					<captain>no</captain>
					<keeper>no</keeper>
					<overs>0</overs>
					<maidens>0</maidens>
					<runsoff>0</runsoff>
					<wickets>0</wickets>
					<wides>0</wides>
					<noballs>0</noballs>
				</player>
				<player>
					<playerid>6568</playerid>
					<name>Nick Compton</name>
					<bowler-name>N Compton</bowler-name>
					<bowler-nickname>Compton</bowler-nickname>
					<captain>no</captain>
					<keeper>no</keeper>
					<overs>0</overs>
					<maidens>0</maidens>
					<runsoff>0</runsoff>
					<wickets>0</wickets>
					<wides>0</wides>
					<noballs>0</noballs>
				</player>
				<player>
					<playerid>6660</playerid>
					<name>Dawid Malan</name>
					<bowler-name>D Malan</bowler-name>
					<bowler-nickname>Malan</bowler-nickname>
					<captain>no</captain>
					<keeper>no</keeper>
					<overs>0</overs>
					<maidens>0</maidens>
					<runsoff>0</runsoff>
					<wickets>0</wickets>
					<wides>0</wides>
					<noballs>0</noballs>
				</player>
				<player>
					<playerid>419</playerid>
					<name>James Franklin</name>
					<bowler-name>Franklin</bowler-name>
					<bowler-nickname>Franklin</bowler-nickname>
					<captain>yes</captain>
					<keeper>no</keeper>
					<overs>0</overs>
					<maidens>0</maidens>
					<runsoff>0</runsoff>
					<wickets>0</wickets>
					<wides>0</wides>
					<noballs>0</noballs>
				</player>
				<player>
					<playerid>6653</playerid>
					<name>John Simpson</name>
					<bowler-name>J Simpson</bowler-name>
					<bowler-nickname>Simpson</bowler-nickname>
					<captain>no</captain>
					<keeper>yes</keeper>
					<overs>0</overs>
					<maidens>0</maidens>
					<runsoff>0</runsoff>
					<wickets>0</wickets>
					<wides>0</wides>
					<noballs>0</noballs>
				</player>
			</players>
		</bowlteam>
	</innings>
	<innings no="3">
		<totalruns>229</totalruns>
		<totalwickets>10</totalwickets>
		<totalovers>79.5</totalovers>
		<declared>no</declared>
		<followon>no</followon>
		<batteam name="Middlesex">
			<players>
				<player>
					<playerid>8121</playerid>
					<name>Joe Burns</name>
					<batsman-name>J Burns</batsman-name>
					<batsman-nickname>Burns</batsman-nickname>
					<captain>no</captain>
					<keeper>no</keeper>
					<runs>20</runs>
					<balls>57</balls>
					<fours>3</fours>
					<sixes>0</sixes>
					<status><![CDATA[caught]]></status>
					<bowler>J Brooks</bowler>
					<bowlerId>6583</bowlerId>
						<fielder>Adam Lyth</fielder>
						<fielderId>6511</fielderId>
						<fielder2></fielder2>
						<fielderId2>0</fielderId2>
						<fielder3></fielder3>
						<fielderId3>0</fielderId3>
					<yetToBat>false</yetToBat>
				</player>
				<player>
					<playerid>6651</playerid>
					<name>Sam Robson</name>
					<batsman-name>S Robson</batsman-name>
					<batsman-nickname>Sam Robson</batsman-nickname>
					<captain>no</captain>
					<keeper>no</keeper>
					<runs>34</runs>
					<balls>73</balls>
					<fours>5</fours>
					<sixes>0</sixes>
					<status><![CDATA[lbw]]></status>
					<bowler>S Patterson</bowler>
					<bowlerId>6505</bowlerId>
						<fielder></fielder>
						<fielderId>0</fielderId>
						<fielder2></fielder2>
						<fielderId2>0</fielderId2>
						<fielder3></fielder3>
						<fielderId3>0</fielderId3>
					<yetToBat>false</yetToBat>
				</player>
				<player>
					<playerid>6568</playerid>
					<name>Nick Compton</name>
					<batsman-name>N Compton</batsman-name>
					<batsman-nickname>Compton</batsman-nickname>
					<captain>no</captain>
					<keeper>no</keeper>
					<runs>0</runs>
					<balls>1</balls>
					<fours>0</fours>
					<sixes>0</sixes>
					<status><![CDATA[lbw]]></status>
					<bowler>J Brooks</bowler>
					<bowlerId>6583</bowlerId>
						<fielder></fielder>
						<fielderId>0</fielderId>
						<fielder2></fielder2>
						<fielderId2>0</fielderId2>
						<fielder3></fielder3>
						<fielderId3>0</fielderId3>
					<yetToBat>false</yetToBat>
				</player>
				<player>
					<playerid>6660</playerid>
					<name>Dawid Malan</name>
					<batsman-name>D Malan</batsman-name>
					<batsman-nickname>Malan</batsman-nickname>
					<captain>no</captain>
					<keeper>no</keeper>
					<runs>35</runs>
					<balls>90</balls>
					<fours>4</fours>
					<sixes>0</sixes>
					<status><![CDATA[caught]]></status>
					<bowler>A Lyth</bowler>
					<bowlerId>6511</bowlerId>
						<fielder>Tim Bresnan</fielder>
						<fielderId>537</fielderId>
						<fielder2></fielder2>
						<fielderId2>0</fielderId2>
						<fielder3></fielder3>
						<fielderId3>0</fielderId3>
					<yetToBat>false</yetToBat>
				</player>
				<player>
					<playerid>6648</playerid>
					<name>Neil Dexter</name>
					<batsman-name>N Dexter</batsman-name>
					<batsman-nickname>Dexter</batsman-nickname>
					<captain>no</captain>
					<keeper>no</keeper>
					<runs>2</runs>
					<balls>17</balls>
					<fours>0</fours>
					<sixes>0</sixes>
					<status><![CDATA[lbw]]></status>
					<bowler>T Bresnan</bowler>
					<bowlerId>537</bowlerId>
						<fielder></fielder>
						<fielderId>0</fielderId>
						<fielder2></fielder2>
						<fielderId2>0</fielderId2>
						<fielder3></fielder3>
						<fielderId3>0</fielderId3>
					<yetToBat>false</yetToBat>
				</player>
				<player>
					<playerid>419</playerid>
					<name>James Franklin</name>
					<batsman-name>Franklin</batsman-name>
					<batsman-nickname>Franklin</batsman-nickname>
					<captain>yes</captain>
					<keeper>no</keeper>
					<runs>55</runs>
					<balls>126</balls>
					<fours>5</fours>
					<sixes>0</sixes>
					<status><![CDATA[batting]]></status>
					<bowler></bowler>
					<bowlerId>0</bowlerId>
						<fielder></fielder>
						<fielderId>0</fielderId>
						<fielder2></fielder2>
						<fielderId2>0</fielderId2>
						<fielder3></fielder3>
						<fielderId3>0</fielderId3>
					<yetToBat>false</yetToBat>
				</player>
				<player>
					<playerid>6653</playerid>
					<name>John Simpson</name>
					<batsman-name>J Simpson</batsman-name>
					<batsman-nickname>Simpson</batsman-nickname>
					<captain>no</captain>
					<keeper>yes</keeper>
					<runs>15</runs>
					<balls>41</balls>
					<fours>1</fours>
					<sixes>0</sixes>
					<status><![CDATA[bowled]]></status>
					<bowler>T Bresnan</bowler>
					<bowlerId>537</bowlerId>
						<fielder></fielder>
						<fielderId>0</fielderId>
						<fielder2></fielder2>
						<fielderId2>0</fielderId2>
						<fielder3></fielder3>
						<fielderId3>0</fielderId3>
					<yetToBat>false</yetToBat>
				</player>
				<player>
					<playerid>6566</playerid>
					<name>Ollie Rayner</name>
					<batsman-name>O Rayner</batsman-name>
					<batsman-nickname>Rayner</batsman-nickname>
					<captain>no</captain>
					<keeper>no</keeper>
					<runs>28</runs>
					<balls>53</balls>
					<fours>5</fours>
					<sixes>0</sixes>
					<status><![CDATA[caught]]></status>
					<bowler>S Patterson</bowler>
					<bowlerId>6505</bowlerId>
						<fielder>Gary Ballance</fielder>
						<fielderId>6679</fielderId>
						<fielder2></fielder2>
						<fielderId2>0</fielderId2>
						<fielder3></fielder3>
						<fielderId3>0</fielderId3>
					<yetToBat>false</yetToBat>
				</player>
				<player>
					<playerid>6580</playerid>
					<name>James Harris</name>
					<batsman-name>J Harris</batsman-name>
					<batsman-nickname>James Harris</batsman-nickname>
					<captain>no</captain>
					<keeper>no</keeper>
					<runs>5</runs>
					<balls>7</balls>
					<fours>0</fours>
					<sixes>0</sixes>
					<status><![CDATA[lbw]]></status>
					<bowler>W Rhodes</bowler>
					<bowlerId>9362</bowlerId>
						<fielder></fielder>
						<fielderId>0</fielderId>
						<fielder2></fielder2>
						<fielderId2>0</fielderId2>
						<fielder3></fielder3>
						<fielderId3>0</fielderId3>
					<yetToBat>false</yetToBat>
				</player>
				<player>
					<playerid>6662</playerid>
					<name>Toby Roland-Jones</name>
					<batsman-name>Roland-Jones</batsman-name>
					<batsman-nickname>Roland-Jones</batsman-nickname>
					<captain>no</captain>
					<keeper>no</keeper>
					<runs>4</runs>
					<balls>5</balls>
					<fours>0</fours>
					<sixes>0</sixes>
					<status><![CDATA[caught]]></status>
					<bowler>W Rhodes</bowler>
					<bowlerId>9362</bowlerId>
						<fielder>Gary Ballance</fielder>
						<fielderId>6679</fielderId>
						<fielder2></fielder2>
						<fielderId2>0</fielderId2>
						<fielder3></fielder3>
						<fielderId3>0</fielderId3>
					<yetToBat>false</yetToBat>
				</player>
				<player>
					<playerid>6661</playerid>
					<name>Tim Murtagh</name>
					<batsman-name>Murtagh</batsman-name>
					<batsman-nickname>Murtagh</batsman-nickname>
					<captain>no</captain>
					<keeper>no</keeper>
					<runs>13</runs>
					<balls>12</balls>
					<fours>2</fours>
					<sixes>0</sixes>
					<status><![CDATA[bowled]]></status>
					<bowler>W Rhodes</bowler>
					<bowlerId>9362</bowlerId>
						<fielder></fielder>
						<fielderId>0</fielderId>
						<fielder2></fielder2>
						<fielderId2>0</fielderId2>
						<fielder3></fielder3>
						<fielderId3>0</fielderId3>
					<yetToBat>false</yetToBat>
				</player>
			</players>
		</batteam>
		<fallofwickets>
			<wicket>
				<playerid>8121</playerid>
				<nbr>1</nbr>
				<runs>51</runs>
				<overs>17.5</overs>
				<batsman>Joe Burns</batsman>
				<batsman-name>J Burns</batsman-name>
			</wicket>
			<wicket>
				<playerid>6568</playerid>
				<nbr>2</nbr>
				<runs>51</runs>
				<overs>17.6</overs>
				<batsman>Nick Compton</batsman>
				<batsman-name>N Compton</batsman-name>
			</wicket>
			<wicket>
				<playerid>6651</playerid>
				<nbr>3</nbr>
				<runs>65</runs>
				<overs>24.2</overs>
				<batsman>Sam Robson</batsman>
				<batsman-name>S Robson</batsman-name>
			</wicket>
			<wicket>
				<playerid>6648</playerid>
				<nbr>4</nbr>
				<runs>72</runs>
				<overs>29.1</overs>
				<batsman>Neil Dexter</batsman>
				<batsman-name>N Dexter</batsman-name>
			</wicket>
			<wicket>
				<playerid>6660</playerid>
				<nbr>5</nbr>
				<runs>130</runs>
				<overs>48.6</overs>
				<batsman>Dawid Malan</batsman>
				<batsman-name>D Malan</batsman-name>
			</wicket>
			<wicket>
				<playerid>6653</playerid>
				<nbr>6</nbr>
				<runs>159</runs>
				<overs>59.2</overs>
				<batsman>John Simpson</batsman>
				<batsman-name>J Simpson</batsman-name>
			</wicket>
			<wicket>
				<playerid>6566</playerid>
				<nbr>7</nbr>
				<runs>206</runs>
				<overs>74.3</overs>
				<batsman>Ollie Rayner</batsman>
				<batsman-name>O Rayner</batsman-name>
			</wicket>
			<wicket>
				<playerid>6580</playerid>
				<nbr>8</nbr>
				<runs>211</runs>
				<overs>75.4</overs>
				<batsman>James Harris</batsman>
				<batsman-name>J Harris</batsman-name>
			</wicket>
			<wicket>
				<playerid>6662</playerid>
				<nbr>9</nbr>
				<runs>215</runs>
				<overs>77.3</overs>
				<batsman>Toby Roland-Jones</batsman>
				<batsman-name>Roland-Jones</batsman-name>
			</wicket>
			<wicket>
				<playerid>6661</playerid>
				<nbr>10</nbr>
				<runs>229</runs>
				<overs>79.5</overs>
				<batsman>Tim Murtagh</batsman>
				<batsman-name>Murtagh</batsman-name>
			</wicket>
		</fallofwickets>
		<extras>
			<byes>8</byes>
			<wides>0</wides>
			<noballs>6</noballs>
			<legbyes>4</legbyes>
			<penalty>0</penalty>
			<total>18</total>
		</extras>
		<bowlteam name="Yorkshire">
			<players>
				<player>
					<playerid>537</playerid>
					<name>Tim Bresnan</name>
					<bowler-name>T Bresnan</bowler-name>
					<bowler-nickname>Bresnan</bowler-nickname>
					<captain>no</captain>
					<keeper>no</keeper>
					<overs>17</overs>
					<maidens>5</maidens>
					<runsoff>51</runsoff>
					<wickets>2</wickets>
					<wides>0</wides>
					<noballs>0</noballs>
				</player>
				<player>
					<playerid>6583</playerid>
					<name>Jack Brooks</name>
					<bowler-name>J Brooks</bowler-name>
					<bowler-nickname>Brooks</bowler-nickname>
					<captain>no</captain>
					<keeper>no</keeper>
					<overs>16</overs>
					<maidens>2</maidens>
					<runsoff>51</runsoff>
					<wickets>2</wickets>
					<wides>0</wides>
					<noballs>3</noballs>
				</player>
				<player>
					<playerid>6505</playerid>
					<name>Steven Patterson</name>
					<bowler-name>S Patterson</bowler-name>
					<bowler-nickname>Patterson</bowler-nickname>
					<captain>no</captain>
					<keeper>no</keeper>
					<overs>23</overs>
					<maidens>12</maidens>
					<runsoff>33</runsoff>
					<wickets>2</wickets>
					<wides>0</wides>
					<noballs>0</noballs>
				</player>
				<player>
					<playerid>9362</playerid>
					<name>Will Rhodes</name>
					<bowler-name>W Rhodes</bowler-name>
					<bowler-nickname>Rhodes</bowler-nickname>
					<captain>no</captain>
					<keeper>no</keeper>
					<overs>9.5</overs>
					<maidens>0</maidens>
					<runsoff>42</runsoff>
					<wickets>3</wickets>
					<wides>0</wides>
					<noballs>0</noballs>
				</player>
				<player>
					<playerid>7662</playerid>
					<name>Glenn Maxwell</name>
					<bowler-name>Maxwell</bowler-name>
					<bowler-nickname>Maxwell</bowler-nickname>
					<captain>no</captain>
					<keeper>no</keeper>
					<overs>4</overs>
					<maidens>0</maidens>
					<runsoff>19</runsoff>
					<wickets>0</wickets>
					<wides>0</wides>
					<noballs>0</noballs>
				</player>
				<player>
					<playerid>6511</playerid>
					<name>Adam Lyth</name>
					<bowler-name>A Lyth</bowler-name>
					<bowler-nickname>Lyth</bowler-nickname>
					<captain>no</captain>
					<keeper>no</keeper>
					<overs>10</overs>
					<maidens>1</maidens>
					<runsoff>21</runsoff>
					<wickets>1</wickets>
					<wides>0</wides>
					<noballs>0</noballs>
				</player>
				<player>
					<playerid>8345</playerid>
					<name>Alex Lees</name>
					<bowler-name>A Lees</bowler-name>
					<bowler-nickname>A Lees</bowler-nickname>
					<captain>no</captain>
					<keeper>no</keeper>
					<overs>0</overs>
					<maidens>0</maidens>
					<runsoff>0</runsoff>
					<wickets>0</wickets>
					<wides>0</wides>
					<noballs>0</noballs>
				</player>
				<player>
					<playerid>6679</playerid>
					<name>Gary Ballance</name>
					<bowler-name>Ballance</bowler-name>
					<bowler-nickname>Ballance</bowler-nickname>
					<captain>no</captain>
					<keeper>no</keeper>
					<overs>0</overs>
					<maidens>0</maidens>
					<runsoff>0</runsoff>
					<wickets>0</wickets>
					<wides>0</wides>
					<noballs>0</noballs>
				</player>
				<player>
					<playerid>6501</playerid>
					<name>Andrew Gale</name>
					<bowler-name>A Gale</bowler-name>
					<bowler-nickname>Gale</bowler-nickname>
					<captain>yes</captain>
					<keeper>no</keeper>
					<overs>0</overs>
					<maidens>0</maidens>
					<runsoff>0</runsoff>
					<wickets>0</wickets>
					<wides>0</wides>
					<noballs>0</noballs>
				</player>
				<player>
					<playerid>6507</playerid>
					<name>Jonathan Bairstow</name>
					<bowler-name>Bairstow</bowler-name>
					<bowler-nickname>Bairstow</bowler-nickname>
					<captain>no</captain>
					<keeper>yes</keeper>
					<overs>0</overs>
					<maidens>0</maidens>
					<runsoff>0</runsoff>
					<wickets>0</wickets>
					<wides>0</wides>
					<noballs>0</noballs>
				</player>
				<player>
					<playerid>9411</playerid>
					<name>Jack Leaning</name>
					<bowler-name>Jack Leaning</bowler-name>
					<bowler-nickname>Jack Leaning</bowler-nickname>
					<captain>no</captain>
					<keeper>no</keeper>
					<overs>0</overs>
					<maidens>0</maidens>
					<runsoff>0</runsoff>
					<wickets>0</wickets>
					<wides>0</wides>
					<noballs>0</noballs>
				</player>
			</players>
		</bowlteam>
	</innings>
	<innings no="4">
		<totalruns>215</totalruns>
		<totalwickets>6</totalwickets>
		<totalovers>65.4</totalovers>
		<declared>no</declared>
		<followon>no</followon>
		<batteam name="Yorkshire">
			<players>
				<player>
					<playerid>6511</playerid>
					<name>Adam Lyth</name>
					<batsman-name>A Lyth</batsman-name>
					<batsman-nickname>Lyth</batsman-nickname>
					<captain>no</captain>
					<keeper>no</keeper>
					<runs>67</runs>
					<balls>131</balls>
					<fours>11</fours>
					<sixes>0</sixes>
					<status><![CDATA[caught]]></status>
					<bowler>O Rayner</bowler>
					<bowlerId>6566</bowlerId>
						<fielder>John Simpson</fielder>
						<fielderId>6653</fielderId>
						<fielder2></fielder2>
						<fielderId2>0</fielderId2>
						<fielder3></fielder3>
						<fielderId3>0</fielderId3>
					<yetToBat>false</yetToBat>
				</player>
				<player>
					<playerid>8345</playerid>
					<name>Alex Lees</name>
					<batsman-name>A Lees</batsman-name>
					<batsman-nickname>A Lees</batsman-nickname>
					<captain>no</captain>
					<keeper>no</keeper>
					<runs>10</runs>
					<balls>39</balls>
					<fours>1</fours>
					<sixes>0</sixes>
					<status><![CDATA[lbw]]></status>
					<bowler>Franklin</bowler>
					<bowlerId>419</bowlerId>
						<fielder></fielder>
						<fielderId>0</fielderId>
						<fielder2></fielder2>
						<fielderId2>0</fielderId2>
						<fielder3></fielder3>
						<fielderId3>0</fielderId3>
					<yetToBat>false</yetToBat>
				</player>
				<player>
					<playerid>6679</playerid>
					<name>Gary Ballance</name>
					<batsman-name>Ballance</batsman-name>
					<batsman-nickname>Ballance</batsman-nickname>
					<captain>no</captain>
					<keeper>no</keeper>
					<runs>29</runs>
					<balls>66</balls>
					<fours>5</fours>
					<sixes>0</sixes>
					<status><![CDATA[stumped]]></status>
					<bowler>O Rayner</bowler>
					<bowlerId>6566</bowlerId>
						<fielder>John Simpson</fielder>
						<fielderId>6653</fielderId>
						<fielder2></fielder2>
						<fielderId2>0</fielderId2>
						<fielder3></fielder3>
						<fielderId3>0</fielderId3>
					<yetToBat>false</yetToBat>
				</player>
				<player>
					<playerid>6501</playerid>
					<name>Andrew Gale</name>
					<batsman-name>A Gale</batsman-name>
					<batsman-nickname>Gale</batsman-nickname>
					<captain>yes</captain>
					<keeper>no</keeper>
					<runs>37</runs>
					<balls>65</balls>
					<fours>6</fours>
					<sixes>0</sixes>
					<status><![CDATA[bowled]]></status>
					<bowler>Murtagh</bowler>
					<bowlerId>6661</bowlerId>
						<fielder></fielder>
						<fielderId>0</fielderId>
						<fielder2></fielder2>
						<fielderId2>0</fielderId2>
						<fielder3></fielder3>
						<fielderId3>0</fielderId3>
					<yetToBat>false</yetToBat>
				</player>
				<player>
					<playerid>6507</playerid>
					<name>Jonathan Bairstow</name>
					<batsman-name>Bairstow</batsman-name>
					<batsman-nickname>Bairstow</batsman-nickname>
					<captain>no</captain>
					<keeper>yes</keeper>
					<runs>0</runs>
					<balls>5</balls>
					<fours>0</fours>
					<sixes>0</sixes>
					<status><![CDATA[caught]]></status>
					<bowler>Roland-Jones</bowler>
					<bowlerId>6662</bowlerId>
						<fielder>Ollie Rayner</fielder>
						<fielderId>6566</fielderId>
						<fielder2></fielder2>
						<fielderId2>0</fielderId2>
						<fielder3></fielder3>
						<fielderId3>0</fielderId3>
					<yetToBat>false</yetToBat>
				</player>
				<player>
					<playerid>9411</playerid>
					<name>Jack Leaning</name>
					<batsman-name>Jack Leaning</batsman-name>
					<batsman-nickname>Jack Leaning</batsman-nickname>
					<captain>no</captain>
					<keeper>no</keeper>
					<runs>25</runs>
					<balls>43</balls>
					<fours>3</fours>
					<sixes>1</sixes>
					<status><![CDATA[caught]]></status>
					<bowler>J Harris</bowler>
					<bowlerId>6580</bowlerId>
						<fielder>Ollie Rayner</fielder>
						<fielderId>6566</fielderId>
						<fielder2></fielder2>
						<fielderId2>0</fielderId2>
						<fielder3></fielder3>
						<fielderId3>0</fielderId3>
					<yetToBat>false</yetToBat>
				</player>
				<player>
					<playerid>7662</playerid>
					<name>Glenn Maxwell</name>
					<batsman-name>Maxwell</batsman-name>
					<batsman-nickname>Maxwell</batsman-nickname>
					<captain>no</captain>
					<keeper>no</keeper>
					<runs>23</runs>
					<balls>27</balls>
					<fours>3</fours>
					<sixes>1</sixes>
					<status><![CDATA[batting]]></status>
					<bowler></bowler>
					<bowlerId>0</bowlerId>
						<fielder></fielder>
						<fielderId>0</fielderId>
						<fielder2></fielder2>
						<fielderId2>0</fielderId2>
						<fielder3></fielder3>
						<fielderId3>0</fielderId3>
					<yetToBat>false</yetToBat>
				</player>
				<player>
					<playerid>9362</playerid>
					<name>Will Rhodes</name>
					<batsman-name>W Rhodes</batsman-name>
					<batsman-nickname>Rhodes</batsman-nickname>
					<captain>no</captain>
					<keeper>no</keeper>
					<runs>10</runs>
					<balls>19</balls>
					<fours>1</fours>
					<sixes>0</sixes>
					<status><![CDATA[batting]]></status>
					<bowler></bowler>
					<bowlerId>0</bowlerId>
						<fielder></fielder>
						<fielderId>0</fielderId>
						<fielder2></fielder2>
						<fielderId2>0</fielderId2>
						<fielder3></fielder3>
						<fielderId3>0</fielderId3>
					<yetToBat>false</yetToBat>
				</player>
				<player>
					<playerid>537</playerid>
					<name>Tim Bresnan</name>
					<batsman-name>T Bresnan</batsman-name>
					<batsman-nickname>Bresnan</batsman-nickname>
					<captain>no</captain>
					<keeper>no</keeper>
					<runs>0</runs>
					<balls>0</balls>
					<fours>0</fours>
					<sixes>0</sixes>
					<status><![CDATA[dnb]]></status>
					<bowler></bowler>
					<bowlerId>0</bowlerId>
						<fielder></fielder>
						<fielderId>0</fielderId>
						<fielder2></fielder2>
						<fielderId2>0</fielderId2>
						<fielder3></fielder3>
						<fielderId3>0</fielderId3>
					<yetToBat>true</yetToBat>
				</player>
				<player>
					<playerid>6505</playerid>
					<name>Steven Patterson</name>
					<batsman-name>S Patterson</batsman-name>
					<batsman-nickname>Patterson</batsman-nickname>
					<captain>no</captain>
					<keeper>no</keeper>
					<runs>0</runs>
					<balls>0</balls>
					<fours>0</fours>
					<sixes>0</sixes>
					<status><![CDATA[dnb]]></status>
					<bowler></bowler>
					<bowlerId>0</bowlerId>
						<fielder></fielder>
						<fielderId>0</fielderId>
						<fielder2></fielder2>
						<fielderId2>0</fielderId2>
						<fielder3></fielder3>
						<fielderId3>0</fielderId3>
					<yetToBat>true</yetToBat>
				</player>
				<player>
					<playerid>6583</playerid>
					<name>Jack Brooks</name>
					<batsman-name>J Brooks</batsman-name>
					<batsman-nickname>Brooks</batsman-nickname>
					<captain>no</captain>
					<keeper>no</keeper>
					<runs>0</runs>
					<balls>0</balls>
					<fours>0</fours>
					<sixes>0</sixes>
					<status><![CDATA[dnb]]></status>
					<bowler></bowler>
					<bowlerId>0</bowlerId>
						<fielder></fielder>
						<fielderId>0</fielderId>
						<fielder2></fielder2>
						<fielderId2>0</fielderId2>
						<fielder3></fielder3>
						<fielderId3>0</fielderId3>
					<yetToBat>true</yetToBat>
				</player>
			</players>
		</batteam>
		<fallofwickets>
			<wicket>
				<playerid>8345</playerid>
				<nbr>1</nbr>
				<runs>27</runs>
				<overs>14.1</overs>
				<batsman>Alex Lees</batsman>
				<batsman-name>A Lees</batsman-name>
			</wicket>
			<wicket>
				<playerid>6679</playerid>
				<nbr>2</nbr>
				<runs>98</runs>
				<overs>33.5</overs>
				<batsman>Gary Ballance</batsman>
				<batsman-name>Ballance</batsman-name>
			</wicket>
			<wicket>
				<playerid>6511</playerid>
				<nbr>3</nbr>
				<runs>129</runs>
				<overs>41.5</overs>
				<batsman>Adam Lyth</batsman>
				<batsman-name>A Lyth</batsman-name>
			</wicket>
			<wicket>
				<playerid>6507</playerid>
				<nbr>4</nbr>
				<runs>132</runs>
				<overs>42.5</overs>
				<batsman>Jonathan Bairstow</batsman>
				<batsman-name>Bairstow</batsman-name>
			</wicket>
			<wicket>
				<playerid>9411</playerid>
				<nbr>5</nbr>
				<runs>169</runs>
				<overs>55.4</overs>
				<batsman>Jack Leaning</batsman>
				<batsman-name>Jack Leaning</batsman-name>
			</wicket>
			<wicket>
				<playerid>6501</playerid>
				<nbr>6</nbr>
				<runs>189</runs>
				<overs>60.1</overs>
				<batsman>Andrew Gale</batsman>
				<batsman-name>A Gale</batsman-name>
			</wicket>
		</fallofwickets>
		<extras>
			<byes>4</byes>
			<wides>0</wides>
			<noballs>2</noballs>
			<legbyes>8</legbyes>
			<penalty>0</penalty>
			<total>14</total>
		</extras>
		<bowlteam name="Middlesex">
			<players>
				<player>
					<playerid>6661</playerid>
					<name>Tim Murtagh</name>
					<bowler-name>Murtagh</bowler-name>
					<bowler-nickname>Murtagh</bowler-nickname>
					<captain>no</captain>
					<keeper>no</keeper>
					<overs>13</overs>
					<maidens>3</maidens>
					<runsoff>36</runsoff>
					<wickets>1</wickets>
					<wides>0</wides>
					<noballs>0</noballs>
				</player>
				<player>
					<playerid>6662</playerid>
					<name>Toby Roland-Jones</name>
					<bowler-name>Roland-Jones</bowler-name>
					<bowler-nickname>Roland-Jones</bowler-nickname>
					<captain>no</captain>
					<keeper>no</keeper>
					<overs>16</overs>
					<maidens>5</maidens>
					<runsoff>32</runsoff>
					<wickets>1</wickets>
					<wides>0</wides>
					<noballs>0</noballs>
				</player>
				<player>
					<playerid>6580</playerid>
					<name>James Harris</name>
					<bowler-name>J Harris</bowler-name>
					<bowler-nickname>James Harris</bowler-nickname>
					<captain>no</captain>
					<keeper>no</keeper>
					<overs>12.4</overs>
					<maidens>2</maidens>
					<runsoff>56</runsoff>
					<wickets>1</wickets>
					<wides>0</wides>
					<noballs>0</noballs>
				</player>
				<player>
					<playerid>419</playerid>
					<name>James Franklin</name>
					<bowler-name>Franklin</bowler-name>
					<bowler-nickname>Franklin</bowler-nickname>
					<captain>yes</captain>
					<keeper>no</keeper>
					<overs>4</overs>
					<maidens>1</maidens>
					<runsoff>19</runsoff>
					<wickets>1</wickets>
					<wides>0</wides>
					<noballs>0</noballs>
				</player>
				<player>
					<playerid>6566</playerid>
					<name>Ollie Rayner</name>
					<bowler-name>O Rayner</bowler-name>
					<bowler-nickname>Rayner</bowler-nickname>
					<captain>no</captain>
					<keeper>no</keeper>
					<overs>17</overs>
					<maidens>6</maidens>
					<runsoff>52</runsoff>
					<wickets>2</wickets>
					<wides>0</wides>
					<noballs>0</noballs>
				</player>
				<player>
					<playerid>6648</playerid>
					<name>Neil Dexter</name>
					<bowler-name>N Dexter</bowler-name>
					<bowler-nickname>Dexter</bowler-nickname>
					<captain>no</captain>
					<keeper>no</keeper>
					<overs>3</overs>
					<maidens>0</maidens>
					<runsoff>8</runsoff>
					<wickets>0</wickets>
					<wides>0</wides>
					<noballs>1</noballs>
				</player>
				<player>
					<playerid>6651</playerid>
					<name>Sam Robson</name>
					<bowler-name>S Robson</bowler-name>
					<bowler-nickname>Sam Robson</bowler-nickname>
					<captain>no</captain>
					<keeper>no</keeper>
					<overs>0</overs>
					<maidens>0</maidens>
					<runsoff>0</runsoff>
					<wickets>0</wickets>
					<wides>0</wides>
					<noballs>0</noballs>
				</player>
				<player>
					<playerid>8121</playerid>
					<name>Joe Burns</name>
					<bowler-name>J Burns</bowler-name>
					<bowler-nickname>Burns</bowler-nickname>
					<captain>no</captain>
					<keeper>no</keeper>
					<overs>0</overs>
					<maidens>0</maidens>
					<runsoff>0</runsoff>
					<wickets>0</wickets>
					<wides>0</wides>
					<noballs>0</noballs>
				</player>
				<player>
					<playerid>6568</playerid>
					<name>Nick Compton</name>
					<bowler-name>N Compton</bowler-name>
					<bowler-nickname>Compton</bowler-nickname>
					<captain>no</captain>
					<keeper>no</keeper>
					<overs>0</overs>
					<maidens>0</maidens>
					<runsoff>0</runsoff>
					<wickets>0</wickets>
					<wides>0</wides>
					<noballs>0</noballs>
				</player>
				<player>
					<playerid>6660</playerid>
					<name>Dawid Malan</name>
					<bowler-name>D Malan</bowler-name>
					<bowler-nickname>Malan</bowler-nickname>
					<captain>no</captain>
					<keeper>no</keeper>
					<overs>0</overs>
					<maidens>0</maidens>
					<runsoff>0</runsoff>
					<wickets>0</wickets>
					<wides>0</wides>
					<noballs>0</noballs>
				</player>
				<player>
					<playerid>6653</playerid>
					<name>John Simpson</name>
					<bowler-name>J Simpson</bowler-name>
					<bowler-nickname>Simpson</bowler-nickname>
					<captain>no</captain>
					<keeper>yes</keeper>
					<overs>0</overs>
					<maidens>0</maidens>
					<runsoff>0</runsoff>
					<wickets>0</wickets>
					<wides>0</wides>
					<noballs>0</noballs>
				</player>
			</players>
		</bowlteam>
	</innings>
	
</scorecard>



