<?xml version="1.0" standalone="yes" ?>
<scorecard>
	<match id="12870" >
		<type>ODI</type>
		<gameDesc>16th Match, Pool B</gameDesc>
		<series>WC 2015</series>
		<matchday>1</matchday>
		<home>Ireland</home>
		<away>United Arab Emirates</away>
		<teamsabbr>IRE vs UAE</teamsabbr>
		<homeabbr>IRE</homeabbr>
		<awayabbr>UAE</awayabbr>
		<homeId>27</homeId>
		<awayId>7</awayId>
		<venue>The Gabba, Brisbane</venue>
		<startdate>25 02 2015</startdate>
		<enddate>25 02 2015</enddate>
		<toss>
			<winner>Ireland</winner>
			<decision>Fielding</decision>
		</toss>
		<state>complete</state>
		<status></status>
		<result type="win">
			<winningteam>Ireland</winningteam>
			<wonbyruns></wonbyruns>
			<wonbywickets>2</wonbywickets>
			
		</result>
		<manofmatch></manofmatch>
		<manofseries></manofseries>
		<umpires>
		<Umpire1>
			<Name>Michael Gough</Name>
			<Country>Eng</Country>
		</Umpire1>
		<Umpire2>
			<Name>Nigel Llong</Name>
			<Country>Eng</Country>
		</Umpire2>
		<ThirdUmpire>
			<Name>Kumar Dharmasena</Name>
			<Country>SL</Country>
		</ThirdUmpire>
		<MatchReferee>
			<Name>Ranjan Madugalle</Name>
			<Country>SL</Country>
		</MatchReferee>
		</umpires>
		<starttimeGMT>03:30</starttimeGMT>
		<prevDayPerGMT>false</prevDayPerGMT>
		<actualendGMT>20150225113442</actualendGMT>
	</match>
		<commentary>		
					
		</commentary>
	<innings no="1">
		<totalruns>278</totalruns>
		<totalwickets>9</totalwickets>
		<totalovers>50</totalovers>
		<declared></declared>
		<followon></followon>
		<batteam name="United Arab Emirates">
			<players>
				<player>
					<playerid>1365</playerid>
					<name>Amjad Ali</name>
					<batsman-name>Amjad Ali</batsman-name>
					<batsman-nickname>Amjad Ali</batsman-nickname>
					<captain>no</captain>
					<keeper>no</keeper>
					<runs>45</runs>
					<balls>71</balls>
					<fours>5</fours>
					<sixes>0</sixes>
					<status><![CDATA[caught]]></status>
					<bowler>K O'Brien</bowler>
					<bowlerId>690</bowlerId>
						<fielder>Max Sorensen</fielder>
						<fielderId>8250</fielderId>
						<fielder2></fielder2>
						<fielderId2>0</fielderId2>
						<fielder3></fielder3>
						<fielderId3>0</fielderId3>
					<yetToBat>false</yetToBat>
				</player>
				<player>
					<playerid>10124</playerid>
					<name>Andri Berenger</name>
					<batsman-name>Andri Berenger</batsman-name>
					<batsman-nickname>Andri Berenger</batsman-nickname>
					<captain>no</captain>
					<keeper>no</keeper>
					<runs>13</runs>
					<balls>25</balls>
					<fours>1</fours>
					<sixes>0</sixes>
					<status><![CDATA[caught]]></status>
					<bowler>Stirling</bowler>
					<bowlerId>1114</bowlerId>
						<fielder>William Porterfield</fielder>
						<fielderId>625</fielderId>
						<fielder2></fielder2>
						<fielderId2>0</fielderId2>
						<fielder3></fielder3>
						<fielderId3>0</fielderId3>
					<yetToBat>false</yetToBat>
				</player>
				<player>
					<playerid>10041</playerid>
					<name>Krishnachandran Karate</name>
					<batsman-name>Karate</batsman-name>
					<batsman-nickname>Karate</batsman-nickname>
					<captain>no</captain>
					<keeper>no</keeper>
					<runs>0</runs>
					<balls>4</balls>
					<fours>0</fours>
					<sixes>0</sixes>
					<status><![CDATA[caught]]></status>
					<bowler>Stirling</bowler>
					<bowlerId>1114</bowlerId>
						<fielder>Kevin O'Brien</fielder>
						<fielderId>690</fielderId>
						<fielder2></fielder2>
						<fielderId2>0</fielderId2>
						<fielder3></fielder3>
						<fielderId3>0</fielderId3>
					<yetToBat>false</yetToBat>
				</player>
				<player>
					<playerid>81</playerid>
					<name>Khurram Khan</name>
					<batsman-name>K Khan</batsman-name>
					<batsman-nickname>K Khan</batsman-nickname>
					<captain>no</captain>
					<keeper>no</keeper>
					<runs>36</runs>
					<balls>53</balls>
					<fours>2</fours>
					<sixes>0</sixes>
					<status><![CDATA[lbw]]></status>
					<bowler>Dockrell</bowler>
					<bowlerId>6329</bowlerId>
						<fielder></fielder>
						<fielderId>0</fielderId>
						<fielder2></fielder2>
						<fielderId2>0</fielderId2>
						<fielder3></fielder3>
						<fielderId3>0</fielderId3>
					<yetToBat>false</yetToBat>
				</player>
				<player>
					<playerid>9834</playerid>
					<name>Swapnil Patil</name>
					<batsman-name>Swapnil Patil</batsman-name>
					<batsman-nickname>Swapnil Patil</batsman-nickname>
					<captain>no</captain>
					<keeper>yes</keeper>
					<runs>2</runs>
					<balls>8</balls>
					<fours>0</fours>
					<sixes>0</sixes>
					<status><![CDATA[caught]]></status>
					<bowler>K O'Brien</bowler>
					<bowlerId>690</bowlerId>
						<fielder>Paul Stirling</fielder>
						<fielderId>1114</fielderId>
						<fielder2></fielder2>
						<fielderId2>0</fielderId2>
						<fielder3></fielder3>
						<fielderId3>0</fielderId3>
					<yetToBat>false</yetToBat>
				</player>
				<player>
					<playerid>9837</playerid>
					<name>Shaiman Anwar</name>
					<batsman-name>Shaiman Anwar</batsman-name>
					<batsman-nickname>Shaiman Anwar</batsman-nickname>
					<captain>no</captain>
					<keeper>no</keeper>
					<runs>106</runs>
					<balls>83</balls>
					<fours>10</fours>
					<sixes>1</sixes>
					<status><![CDATA[caught]]></status>
					<bowler>Sorensen</bowler>
					<bowlerId>8250</bowlerId>
						<fielder>Gary Wilson</fielder>
						<fielderId>739</fielderId>
						<fielder2></fielder2>
						<fielderId2>0</fielderId2>
						<fielder3></fielder3>
						<fielderId3>0</fielderId3>
					<yetToBat>false</yetToBat>
				</player>
				<player>
					<playerid>9835</playerid>
					<name>Rohan Mustafa</name>
					<batsman-name>Rohan Mustafa</batsman-name>
					<batsman-nickname>Rohan Mustafa</batsman-nickname>
					<captain>no</captain>
					<keeper>no</keeper>
					<runs>2</runs>
					<balls>9</balls>
					<fours>0</fours>
					<sixes>0</sixes>
					<status><![CDATA[caught]]></status>
					<bowler>Cusack</bowler>
					<bowlerId>735</bowlerId>
						<fielder>Gary Wilson</fielder>
						<fielderId>739</fielderId>
						<fielder2></fielder2>
						<fielderId2>0</fielderId2>
						<fielder3></fielder3>
						<fielderId3>0</fielderId3>
					<yetToBat>false</yetToBat>
				</player>
				<player>
					<playerid>1366</playerid>
					<name>Amjad Javed</name>
					<batsman-name>A Javed</batsman-name>
					<batsman-nickname>Amjad Javed</batsman-nickname>
					<captain>no</captain>
					<keeper>no</keeper>
					<runs>42</runs>
					<balls>35</balls>
					<fours>5</fours>
					<sixes>0</sixes>
					<status><![CDATA[caught]]></status>
					<bowler>Sorensen</bowler>
					<bowlerId>8250</bowlerId>
						<fielder>Ed Joyce</fielder>
						<fielderId>540</fielderId>
						<fielder2></fielder2>
						<fielderId2>0</fielderId2>
						<fielder3></fielder3>
						<fielderId3>0</fielderId3>
					<yetToBat>false</yetToBat>
				</player>
				<player>
					<playerid>9832</playerid>
					<name>Mohammad Naveed</name>
					<batsman-name>Naveed</batsman-name>
					<batsman-nickname>Naveed</batsman-nickname>
					<captain>no</captain>
					<keeper>no</keeper>
					<runs>13</runs>
					<balls>11</balls>
					<fours>2</fours>
					<sixes>0</sixes>
					<status><![CDATA[caught]]></status>
					<bowler>Cusack</bowler>
					<bowlerId>735</bowlerId>
						<fielder>Cusack</fielder>
						<fielderId>735</fielderId>
						<fielder2></fielder2>
						<fielder3></fielder3>
					<yetToBat>false</yetToBat>
				</player>
				<player>
					<playerid>87</playerid>
					<name>Mohammad Tauqir</name>
					<batsman-name>M Tauqir</batsman-name>
					<batsman-nickname>M Tauqir</batsman-nickname>
					<captain>yes</captain>
					<keeper>no</keeper>
					<runs>2</runs>
					<balls>2</balls>
					<fours>0</fours>
					<sixes>0</sixes>
					<status><![CDATA[batting]]></status>
					<bowler></bowler>
					<bowlerId>0</bowlerId>
						<fielder></fielder>
						<fielderId>0</fielderId>
						<fielder2></fielder2>
						<fielderId2>0</fielderId2>
						<fielder3></fielder3>
						<fielderId3>0</fielderId3>
					<yetToBat>false</yetToBat>
				</player>
				<player>
					<playerid>9830</playerid>
					<name>Manjula Guruge</name>
					<batsman-name>Manjula Guruge</batsman-name>
					<batsman-nickname>Manjula Guruge</batsman-nickname>
					<captain>no</captain>
					<keeper>no</keeper>
					<runs>0</runs>
					<balls>0</balls>
					<fours>0</fours>
					<sixes>0</sixes>
					<status><![CDATA[batting]]></status>
					<bowler></bowler>
					<bowlerId>0</bowlerId>
						<fielder></fielder>
						<fielderId>0</fielderId>
						<fielder2></fielder2>
						<fielderId2>0</fielderId2>
						<fielder3></fielder3>
						<fielderId3>0</fielderId3>
					<yetToBat>false</yetToBat>
				</player>
			</players>
		</batteam>
		<fallofwickets>
			<wicket>
				<playerid>10124</playerid>
				<nbr>1</nbr>
				<runs>49</runs>
				<overs>11.3</overs>
				<batsman>Andri Berenger</batsman>
				<batsman-name>Andri Berenger</batsman-name>
			</wicket>
			<wicket>
				<playerid>10041</playerid>
				<nbr>2</nbr>
				<runs>53</runs>
				<overs>13.1</overs>
				<batsman>Krishnachandran Karate</batsman>
				<batsman-name>Karate</batsman-name>
			</wicket>
			<wicket>
				<playerid>1365</playerid>
				<nbr>3</nbr>
				<runs>73</runs>
				<overs>18.5</overs>
				<batsman>Amjad Ali</batsman>
				<batsman-name>Amjad Ali</batsman-name>
			</wicket>
			<wicket>
				<playerid>9834</playerid>
				<nbr>4</nbr>
				<runs>78</runs>
				<overs>20.5</overs>
				<batsman>Swapnil Patil</batsman>
				<batsman-name>Swapnil Patil</batsman-name>
			</wicket>
			<wicket>
				<playerid>81</playerid>
				<nbr>5</nbr>
				<runs>125</runs>
				<overs>31.4</overs>
				<batsman>Khurram Khan</batsman>
				<batsman-name>K Khan</batsman-name>
			</wicket>
			<wicket>
				<playerid>9835</playerid>
				<nbr>6</nbr>
				<runs>131</runs>
				<overs>34.2</overs>
				<batsman>Rohan Mustafa</batsman>
				<batsman-name>Rohan Mustafa</batsman-name>
			</wicket>
			<wicket>
				<playerid>1366</playerid>
				<nbr>7</nbr>
				<runs>238</runs>
				<overs>46.1</overs>
				<batsman>Amjad Javed</batsman>
				<batsman-name>A Javed</batsman-name>
			</wicket>
			<wicket>
				<playerid>9837</playerid>
				<nbr>8</nbr>
				<runs>269</runs>
				<overs>48.4</overs>
				<batsman>Shaiman Anwar</batsman>
				<batsman-name>Shaiman Anwar</batsman-name>
			</wicket>
			<wicket>
				<playerid>9832</playerid>
				<nbr>9</nbr>
				<runs>276</runs>
				<overs>49.5</overs>
				<batsman>Mohammad Naveed</batsman>
				<batsman-name>Naveed</batsman-name>
			</wicket>
		</fallofwickets>
		<extras>
			<byes>1</byes>
			<wides>11</wides>
			<noballs>1</noballs>
			<legbyes>4</legbyes>
			<penalty>0</penalty>
			<total>17</total>
		</extras>
		<bowlteam name="Ireland">
			<players>
				<player>
					<playerid>622</playerid>
					<name>John Mooney</name>
					<bowler-name>J Mooney</bowler-name>
					<bowler-nickname>J Mooney</bowler-nickname>
					<captain>no</captain>
					<keeper>no</keeper>
					<overs>6</overs>
					<maidens>0</maidens>
					<runsoff>32</runsoff>
					<wickets>0</wickets>
					<wides>2</wides>
					<noballs>1</noballs>
				</player>
				<player>
					<playerid>8250</playerid>
					<name>Max Sorensen</name>
					<bowler-name>Sorensen</bowler-name>
					<bowler-nickname>Sorensen</bowler-nickname>
					<captain>no</captain>
					<keeper>no</keeper>
					<overs>10</overs>
					<maidens>0</maidens>
					<runsoff>60</runsoff>
					<wickets>2</wickets>
					<wides>0</wides>
					<noballs>0</noballs>
				</player>
				<player>
					<playerid>735</playerid>
					<name>Alex Cusack</name>
					<bowler-name>Cusack</bowler-name>
					<bowler-nickname>Cusack</bowler-nickname>
					<captain>no</captain>
					<keeper>no</keeper>
					<overs>10</overs>
					<maidens>0</maidens>
					<runsoff>54</runsoff>
					<wickets>2</wickets>
					<wides>3</wides>
					<noballs>0</noballs>
				</player>
				<player>
					<playerid>1114</playerid>
					<name>Paul Stirling</name>
					<bowler-name>Stirling</bowler-name>
					<bowler-nickname>Stirling</bowler-nickname>
					<captain>no</captain>
					<keeper>no</keeper>
					<overs>10</overs>
					<maidens>0</maidens>
					<runsoff>27</runsoff>
					<wickets>2</wickets>
					<wides>1</wides>
					<noballs>0</noballs>
				</player>
				<player>
					<playerid>690</playerid>
					<name>Kevin O'Brien</name>
					<bowler-name>K O'Brien</bowler-name>
					<bowler-nickname>K O'Brien</bowler-nickname>
					<captain>no</captain>
					<keeper>no</keeper>
					<overs>7</overs>
					<maidens>0</maidens>
					<runsoff>61</runsoff>
					<wickets>2</wickets>
					<wides>4</wides>
					<noballs>0</noballs>
				</player>
				<player>
					<playerid>6329</playerid>
					<name>George Dockrell</name>
					<bowler-name>Dockrell</bowler-name>
					<bowler-nickname>Dockrell</bowler-nickname>
					<captain>no</captain>
					<keeper>no</keeper>
					<overs>7</overs>
					<maidens>0</maidens>
					<runsoff>39</runsoff>
					<wickets>1</wickets>
					<wides>1</wides>
					<noballs>0</noballs>
				</player>
				<player>
					<playerid>625</playerid>
					<name>William Porterfield</name>
					<bowler-name>Porterfield</bowler-name>
					<bowler-nickname>Porterfield</bowler-nickname>
					<captain>yes</captain>
					<keeper>no</keeper>
					<overs>0</overs>
					<maidens>0</maidens>
					<runsoff>0</runsoff>
					<wickets>0</wickets>
					<wides>0</wides>
					<noballs>0</noballs>
				</player>
				<player>
					<playerid>540</playerid>
					<name>Ed Joyce</name>
					<bowler-name>Ed Joyce</bowler-name>
					<bowler-nickname>Ed Joyce</bowler-nickname>
					<captain>no</captain>
					<keeper>no</keeper>
					<overs>0</overs>
					<maidens>0</maidens>
					<runsoff>0</runsoff>
					<wickets>0</wickets>
					<wides>0</wides>
					<noballs>0</noballs>
				</player>
				<player>
					<playerid>691</playerid>
					<name>Niall O'Brien</name>
					<bowler-name>N O'Brien</bowler-name>
					<bowler-nickname>N O'Brien</bowler-nickname>
					<captain>no</captain>
					<keeper>no</keeper>
					<overs>0</overs>
					<maidens>0</maidens>
					<runsoff>0</runsoff>
					<wickets>0</wickets>
					<wides>0</wides>
					<noballs>0</noballs>
				</player>
				<player>
					<playerid>6710</playerid>
					<name>Andrew Balbirnie</name>
					<bowler-name>Balbirnie</bowler-name>
					<bowler-nickname>Balbirnie</bowler-nickname>
					<captain>no</captain>
					<keeper>no</keeper>
					<overs>0</overs>
					<maidens>0</maidens>
					<runsoff>0</runsoff>
					<wickets>0</wickets>
					<wides>0</wides>
					<noballs>0</noballs>
				</player>
				<player>
					<playerid>739</playerid>
					<name>Gary Wilson</name>
					<bowler-name>G Wilson</bowler-name>
					<bowler-nickname>G Wilson</bowler-nickname>
					<captain>no</captain>
					<keeper>yes</keeper>
					<overs>0</overs>
					<maidens>0</maidens>
					<runsoff>0</runsoff>
					<wickets>0</wickets>
					<wides>0</wides>
					<noballs>0</noballs>
				</player>
			</players>
		</bowlteam>
	</innings>
	<innings no="2">
		<totalruns>279</totalruns>
		<totalwickets>8</totalwickets>
		<totalovers>49.2</totalovers>
		<declared></declared>
		<followon></followon>
		<batteam name="Ireland">
			<players>
				<player>
					<playerid>625</playerid>
					<name>William Porterfield</name>
					<batsman-name>Porterfield</batsman-name>
					<batsman-nickname>Porterfield</batsman-nickname>
					<captain>yes</captain>
					<keeper>no</keeper>
					<runs>37</runs>
					<balls>64</balls>
					<fours>2</fours>
					<sixes>0</sixes>
					<status><![CDATA[bowled]]></status>
					<bowler>M Tauqir</bowler>
					<bowlerId>87</bowlerId>
						<fielder></fielder>
						<fielderId>0</fielderId>
						<fielder2></fielder2>
						<fielderId2>0</fielderId2>
						<fielder3></fielder3>
						<fielderId3>0</fielderId3>
					<yetToBat>false</yetToBat>
				</player>
				<player>
					<playerid>1114</playerid>
					<name>Paul Stirling</name>
					<batsman-name>Stirling</batsman-name>
					<batsman-nickname>Stirling</batsman-nickname>
					<captain>no</captain>
					<keeper>no</keeper>
					<runs>3</runs>
					<balls>9</balls>
					<fours>0</fours>
					<sixes>0</sixes>
					<status><![CDATA[caught]]></status>
					<bowler>Manjula Guruge</bowler>
					<bowlerId>9830</bowlerId>
						<fielder>Swapnil Patil</fielder>
						<fielderId>9834</fielderId>
						<fielder2></fielder2>
						<fielderId2>0</fielderId2>
						<fielder3></fielder3>
						<fielderId3>0</fielderId3>
					<yetToBat>false</yetToBat>
				</player>
				<player>
					<playerid>540</playerid>
					<name>Ed Joyce</name>
					<batsman-name>Ed Joyce</batsman-name>
					<batsman-nickname>Ed Joyce</batsman-nickname>
					<captain>no</captain>
					<keeper>no</keeper>
					<runs>37</runs>
					<balls>49</balls>
					<fours>3</fours>
					<sixes>0</sixes>
					<status><![CDATA[caught]]></status>
					<bowler>A Javed</bowler>
					<bowlerId>1366</bowlerId>
						<fielder>Swapnil Patil</fielder>
						<fielderId>9834</fielderId>
						<fielder2></fielder2>
						<fielderId2>0</fielderId2>
						<fielder3></fielder3>
						<fielderId3>0</fielderId3>
					<yetToBat>false</yetToBat>
				</player>
				<player>
					<playerid>691</playerid>
					<name>Niall O'Brien</name>
					<batsman-name>N O'Brien</batsman-name>
					<batsman-nickname>N O'Brien</batsman-nickname>
					<captain>no</captain>
					<keeper>no</keeper>
					<runs>17</runs>
					<balls>24</balls>
					<fours>1</fours>
					<sixes>0</sixes>
					<status><![CDATA[lbw]]></status>
					<bowler>M Tauqir</bowler>
					<bowlerId>87</bowlerId>
						<fielder></fielder>
						<fielderId>0</fielderId>
						<fielder2></fielder2>
						<fielderId2>0</fielderId2>
						<fielder3></fielder3>
						<fielderId3>0</fielderId3>
					<yetToBat>false</yetToBat>
				</player>
				<player>
					<playerid>6710</playerid>
					<name>Andrew Balbirnie</name>
					<batsman-name>Balbirnie</batsman-name>
					<batsman-nickname>Balbirnie</batsman-nickname>
					<captain>no</captain>
					<keeper>no</keeper>
					<runs>30</runs>
					<balls>41</balls>
					<fours>1</fours>
					<sixes>0</sixes>
					<status><![CDATA[caught]]></status>
					<bowler>Naveed</bowler>
					<bowlerId>9832</bowlerId>
						<fielder>Saqlain Haider</fielder>
						<fielderId>10123</fielderId>
						<fielder2></fielder2>
						<fielderId2>0</fielderId2>
						<fielder3></fielder3>
						<fielderId3>0</fielderId3>
					<yetToBat>false</yetToBat>
				</player>
				<player>
					<playerid>739</playerid>
					<name>Gary Wilson</name>
					<batsman-name>G Wilson</batsman-name>
					<batsman-nickname>G Wilson</batsman-nickname>
					<captain>no</captain>
					<keeper>yes</keeper>
					<runs>80</runs>
					<balls>69</balls>
					<fours>9</fours>
					<sixes>0</sixes>
					<status><![CDATA[caught]]></status>
					<bowler>Naveed</bowler>
					<bowlerId>9832</bowlerId>
						<fielder>Amjad Javed</fielder>
						<fielderId>1366</fielderId>
						<fielder2></fielder2>
						<fielderId2>0</fielderId2>
						<fielder3></fielder3>
						<fielderId3>0</fielderId3>
					<yetToBat>false</yetToBat>
				</player>
				<player>
					<playerid>690</playerid>
					<name>Kevin O'Brien</name>
					<batsman-name>K O'Brien</batsman-name>
					<batsman-nickname>K O'Brien</batsman-nickname>
					<captain>no</captain>
					<keeper>no</keeper>
					<runs>50</runs>
					<balls>25</balls>
					<fours>8</fours>
					<sixes>2</sixes>
					<status><![CDATA[caught]]></status>
					<bowler>A Javed</bowler>
					<bowlerId>1366</bowlerId>
						<fielder>Mohammad Naveed</fielder>
						<fielderId>9832</fielderId>
						<fielder2></fielder2>
						<fielderId2>0</fielderId2>
						<fielder3></fielder3>
						<fielderId3>0</fielderId3>
					<yetToBat>false</yetToBat>
				</player>
				<player>
					<playerid>622</playerid>
					<name>John Mooney</name>
					<batsman-name>J Mooney</batsman-name>
					<batsman-nickname>J Mooney</batsman-nickname>
					<captain>no</captain>
					<keeper>no</keeper>
					<runs>2</runs>
					<balls>6</balls>
					<fours>0</fours>
					<sixes>0</sixes>
					<status><![CDATA[caught]]></status>
					<bowler>A Javed</bowler>
					<bowlerId>1366</bowlerId>
						<fielder>Amjad Ali</fielder>
						<fielderId>1365</fielderId>
						<fielder2></fielder2>
						<fielderId2>0</fielderId2>
						<fielder3></fielder3>
						<fielderId3>0</fielderId3>
					<yetToBat>false</yetToBat>
				</player>
				<player>
					<playerid>735</playerid>
					<name>Alex Cusack</name>
					<batsman-name>Cusack</batsman-name>
					<batsman-nickname>Cusack</batsman-nickname>
					<captain>no</captain>
					<keeper>no</keeper>
					<runs>5</runs>
					<balls>6</balls>
					<fours>0</fours>
					<sixes>0</sixes>
					<status><![CDATA[batting]]></status>
					<bowler></bowler>
					<bowlerId>0</bowlerId>
						<fielder></fielder>
						<fielderId>0</fielderId>
						<fielder2></fielder2>
						<fielderId2>0</fielderId2>
						<fielder3></fielder3>
						<fielderId3>0</fielderId3>
					<yetToBat>false</yetToBat>
				</player>
				<player>
					<playerid>6329</playerid>
					<name>George Dockrell</name>
					<batsman-name>Dockrell</batsman-name>
					<batsman-nickname>Dockrell</batsman-nickname>
					<captain>no</captain>
					<keeper>no</keeper>
					<runs>7</runs>
					<balls>5</balls>
					<fours>1</fours>
					<sixes>0</sixes>
					<status><![CDATA[batting]]></status>
					<bowler></bowler>
					<bowlerId>0</bowlerId>
						<fielder></fielder>
						<fielderId>0</fielderId>
						<fielder2></fielder2>
						<fielderId2>0</fielderId2>
						<fielder3></fielder3>
						<fielderId3>0</fielderId3>
					<yetToBat>false</yetToBat>
				</player>
				<player>
					<playerid>8250</playerid>
					<name>Max Sorensen</name>
					<batsman-name>Sorensen</batsman-name>
					<batsman-nickname>Sorensen</batsman-nickname>
					<captain>no</captain>
					<keeper>no</keeper>
					<runs>0</runs>
					<balls>0</balls>
					<fours>0</fours>
					<sixes>0</sixes>
					<status><![CDATA[dnb]]></status>
					<bowler></bowler>
					<bowlerId>0</bowlerId>
						<fielder></fielder>
						<fielderId>0</fielderId>
						<fielder2></fielder2>
						<fielderId2>0</fielderId2>
						<fielder3></fielder3>
						<fielderId3>0</fielderId3>
					<yetToBat>true</yetToBat>
				</player>
			</players>
		</batteam>
		<fallofwickets>
			<wicket>
				<playerid>1114</playerid>
				<nbr>1</nbr>
				<runs>4</runs>
				<overs>1.4</overs>
				<batsman>Paul Stirling</batsman>
				<batsman-name>Stirling</batsman-name>
			</wicket>
			<wicket>
				<playerid>540</playerid>
				<nbr>2</nbr>
				<runs>72</runs>
				<overs>18.4</overs>
				<batsman>Ed Joyce</batsman>
				<batsman-name>Ed Joyce</batsman-name>
			</wicket>
			<wicket>
				<playerid>625</playerid>
				<nbr>3</nbr>
				<runs>94</runs>
				<overs>23.3</overs>
				<batsman>William Porterfield</batsman>
				<batsman-name>Porterfield</batsman-name>
			</wicket>
			<wicket>
				<playerid>691</playerid>
				<nbr>4</nbr>
				<runs>97</runs>
				<overs>25.2</overs>
				<batsman>Niall O'Brien</batsman>
				<batsman-name>N O'Brien</batsman-name>
			</wicket>
			<wicket>
				<playerid>6710</playerid>
				<nbr>5</nbr>
				<runs>171</runs>
				<overs>38.4</overs>
				<batsman>Andrew Balbirnie</batsman>
				<batsman-name>Balbirnie</batsman-name>
			</wicket>
			<wicket>
				<playerid>690</playerid>
				<nbr>6</nbr>
				<runs>243</runs>
				<overs>44.4</overs>
				<batsman>Kevin O'Brien</batsman>
				<batsman-name>K O'Brien</batsman-name>
			</wicket>
			<wicket>
				<playerid>622</playerid>
				<nbr>7</nbr>
				<runs>259</runs>
				<overs>46.6</overs>
				<batsman>John Mooney</batsman>
				<batsman-name>J Mooney</batsman-name>
			</wicket>
			<wicket>
				<playerid>739</playerid>
				<nbr>8</nbr>
				<runs>267</runs>
				<overs>47.3</overs>
				<batsman>Gary Wilson</batsman>
				<batsman-name>G Wilson</batsman-name>
			</wicket>
		</fallofwickets>
		<extras>
			<byes>4</byes>
			<wides>2</wides>
			<noballs>2</noballs>
			<legbyes>3</legbyes>
			<penalty>0</penalty>
			<total>11</total>
		</extras>
		<bowlteam name="United Arab Emirates">
			<players>
				<player>
					<playerid>9832</playerid>
					<name>Mohammad Naveed</name>
					<bowler-name>Naveed</bowler-name>
					<bowler-nickname>Naveed</bowler-nickname>
					<captain>no</captain>
					<keeper>no</keeper>
					<overs>9.2</overs>
					<maidens>1</maidens>
					<runsoff>65</runsoff>
					<wickets>2</wickets>
					<wides>0</wides>
					<noballs>1</noballs>
				</player>
				<player>
					<playerid>9830</playerid>
					<name>Manjula Guruge</name>
					<bowler-name>Manjula Guruge</bowler-name>
					<bowler-nickname>Manjula Guruge</bowler-nickname>
					<captain>no</captain>
					<keeper>no</keeper>
					<overs>7</overs>
					<maidens>0</maidens>
					<runsoff>21</runsoff>
					<wickets>1</wickets>
					<wides>1</wides>
					<noballs>0</noballs>
				</player>
				<player>
					<playerid>1366</playerid>
					<name>Amjad Javed</name>
					<bowler-name>A Javed</bowler-name>
					<bowler-nickname>Amjad Javed</bowler-nickname>
					<captain>no</captain>
					<keeper>no</keeper>
					<overs>10</overs>
					<maidens>0</maidens>
					<runsoff>60</runsoff>
					<wickets>3</wickets>
					<wides>0</wides>
					<noballs>0</noballs>
				</player>
				<player>
					<playerid>87</playerid>
					<name>Mohammad Tauqir</name>
					<bowler-name>M Tauqir</bowler-name>
					<bowler-nickname>M Tauqir</bowler-nickname>
					<captain>yes</captain>
					<keeper>no</keeper>
					<overs>9</overs>
					<maidens>0</maidens>
					<runsoff>38</runsoff>
					<wickets>2</wickets>
					<wides>0</wides>
					<noballs>1</noballs>
				</player>
				<player>
					<playerid>9835</playerid>
					<name>Rohan Mustafa</name>
					<bowler-name>Rohan Mustafa</bowler-name>
					<bowler-nickname>Rohan Mustafa</bowler-nickname>
					<captain>no</captain>
					<keeper>no</keeper>
					<overs>9</overs>
					<maidens>0</maidens>
					<runsoff>45</runsoff>
					<wickets>0</wickets>
					<wides>0</wides>
					<noballs>0</noballs>
				</player>
				<player>
					<playerid>10041</playerid>
					<name>Krishnachandran Karate</name>
					<bowler-name>Karate</bowler-name>
					<bowler-nickname>Karate</bowler-nickname>
					<captain>no</captain>
					<keeper>no</keeper>
					<overs>5</overs>
					<maidens>0</maidens>
					<runsoff>43</runsoff>
					<wickets>0</wickets>
					<wides>1</wides>
					<noballs>0</noballs>
				</player>
				<player>
					<playerid>1365</playerid>
					<name>Amjad Ali</name>
					<bowler-name>Amjad Ali</bowler-name>
					<bowler-nickname>Amjad Ali</bowler-nickname>
					<captain>no</captain>
					<keeper>no</keeper>
					<overs>0</overs>
					<maidens>0</maidens>
					<runsoff>0</runsoff>
					<wickets>0</wickets>
					<wides>0</wides>
					<noballs>0</noballs>
				</player>
				<player>
					<playerid>10124</playerid>
					<name>Andri Berenger</name>
					<bowler-name>Andri Berenger</bowler-name>
					<bowler-nickname>Andri Berenger</bowler-nickname>
					<captain>no</captain>
					<keeper>no</keeper>
					<overs>0</overs>
					<maidens>0</maidens>
					<runsoff>0</runsoff>
					<wickets>0</wickets>
					<wides>0</wides>
					<noballs>0</noballs>
				</player>
				<player>
					<playerid>81</playerid>
					<name>Khurram Khan</name>
					<bowler-name>K Khan</bowler-name>
					<bowler-nickname>K Khan</bowler-nickname>
					<captain>no</captain>
					<keeper>no</keeper>
					<overs>0</overs>
					<maidens>0</maidens>
					<runsoff>0</runsoff>
					<wickets>0</wickets>
					<wides>0</wides>
					<noballs>0</noballs>
				</player>
				<player>
					<playerid>9834</playerid>
					<name>Swapnil Patil</name>
					<bowler-name>Swapnil Patil</bowler-name>
					<bowler-nickname>Swapnil Patil</bowler-nickname>
					<captain>no</captain>
					<keeper>yes</keeper>
					<overs>0</overs>
					<maidens>0</maidens>
					<runsoff>0</runsoff>
					<wickets>0</wickets>
					<wides>0</wides>
					<noballs>0</noballs>
				</player>
				<player>
					<playerid>9837</playerid>
					<name>Shaiman Anwar</name>
					<bowler-name>Shaiman Anwar</bowler-name>
					<bowler-nickname>Shaiman Anwar</bowler-nickname>
					<captain>no</captain>
					<keeper>no</keeper>
					<overs>0</overs>
					<maidens>0</maidens>
					<runsoff>0</runsoff>
					<wickets>0</wickets>
					<wides>0</wides>
					<noballs>0</noballs>
				</player>
			</players>
		</bowlteam>
	</innings>
	
</scorecard>



