<graphs>
		<match-graphs>
	<graph>
		<id>mhtn_1</id>
		<name>Manhattan</name>
			<url>http://synd.cricbuzz.com/archive/2015_WC/NZ_ENG_FEB20/gph_mhtn_team_1.png</url>
			<url>http://synd.cricbuzz.com/archive/2015_WC/NZ_ENG_FEB20/gph_mhtn_team_2.png</url>
	</graph>
	<graph>
		<id>rrate</id>
		<name>Run Rate Graph</name>
			<url>http://synd.cricbuzz.com/archive/2015_WC/NZ_ENG_FEB20/gph_rrate.png</url>
	</graph>
	<graph>
		<id>rprog</id>
		<name>Run Progression Graph</name>
			<url>http://synd.cricbuzz.com/archive/2015_WC/NZ_ENG_FEB20/gph_rprog.png</url>
	</graph>
	<graph>
		<id>prtn_1</id>
		<name>Partnership</name>
			<url>http://synd.cricbuzz.com/archive/2015_WC/NZ_ENG_FEB20/gph_prtn_team_1.png</url>
			<url>http://synd.cricbuzz.com/archive/2015_WC/NZ_ENG_FEB20/gph_prtn_team_2.png</url>
	</graph>
		</match-graphs>
		<wagon-wheels>
			<team>
				<name>England</name>
	<graph>
		<id>wag_385</id>
		<name>Ian Bell</name>
			<url>http://synd.cricbuzz.com/archive/2015_WC/NZ_ENG_FEB20/gph_wag_12863_9_385_Bell.png</url>
	</graph>
	<graph>
		<id>wag_6692</id>
		<name>Moeen Ali</name>
			<url>http://synd.cricbuzz.com/archive/2015_WC/NZ_ENG_FEB20/gph_wag_12863_9_6692_M_Ali.png</url>
	</graph>
	<graph>
		<id>wag_6679</id>
		<name>Gary Ballance</name>
			<url>http://synd.cricbuzz.com/archive/2015_WC/NZ_ENG_FEB20/gph_wag_12863_9_6679_Ballance.png</url>
	</graph>
	<graph>
		<id>wag_8019</id>
		<name>Joe Root</name>
			<url>http://synd.cricbuzz.com/archive/2015_WC/NZ_ENG_FEB20/gph_wag_12863_9_8019_J_Root.png</url>
	</graph>
	<graph>
		<id>wag_624</id>
		<name>Eoin Morgan</name>
			<url>http://synd.cricbuzz.com/archive/2015_WC/NZ_ENG_FEB20/gph_wag_12863_9_624_E_Morgan.png</url>
	</graph>
	<graph>
		<id>wag_6500</id>
		<name>James Taylor</name>
			<url>http://synd.cricbuzz.com/archive/2015_WC/NZ_ENG_FEB20/gph_wag_12863_9_6500_James_Taylor.png</url>
	</graph>
	<graph>
		<id>wag_2258</id>
		<name>Jos Buttler</name>
			<url>http://synd.cricbuzz.com/archive/2015_WC/NZ_ENG_FEB20/gph_wag_12863_9_2258_J_Buttler.png</url>
	</graph>
	<graph>
		<id>wag_6670</id>
		<name>Chris Woakes</name>
			<url>http://synd.cricbuzz.com/archive/2015_WC/NZ_ENG_FEB20/gph_wag_12863_9_6670_C_Woakes.png</url>
	</graph>
	<graph>
		<id>wag_554</id>
		<name>Stuart Broad</name>
			<url>http://synd.cricbuzz.com/archive/2015_WC/NZ_ENG_FEB20/gph_wag_12863_9_554_Broad.png</url>
	</graph>
	<graph>
		<id>wag_6317</id>
		<name>Steven Finn</name>
			<url>http://synd.cricbuzz.com/archive/2015_WC/NZ_ENG_FEB20/gph_wag_12863_9_6317_Finn.png</url>
	</graph>
	<graph>
		<id>wag_65</id>
		<name>James Anderson</name>
			<url>http://synd.cricbuzz.com/archive/2015_WC/NZ_ENG_FEB20/gph_wag_12863_9_65_J_Anderson.png</url>
	</graph>
			</team>
			<team>
				<name>New Zealand</name>
	<graph>
		<id>wag_1457</id>
		<name>Martin Guptill</name>
			<url>http://synd.cricbuzz.com/archive/2015_WC/NZ_ENG_FEB20/gph_wag_12863_13_1457_M_Guptill.png</url>
	</graph>
	<graph>
		<id>wag_201</id>
		<name>Brendon McCullum</name>
			<url>http://synd.cricbuzz.com/archive/2015_WC/NZ_ENG_FEB20/gph_wag_12863_13_201_B_McCullum.png</url>
	</graph>
	<graph>
		<id>wag_6326</id>
		<name>Kane Williamson</name>
			<url>http://synd.cricbuzz.com/archive/2015_WC/NZ_ENG_FEB20/gph_wag_12863_13_6326_Williamson.png</url>
	</graph>
	<graph>
		<id>wag_521</id>
		<name>Ross Taylor</name>
			<url>http://synd.cricbuzz.com/archive/2015_WC/NZ_ENG_FEB20/gph_wag_12863_13_521_Ross_Taylor.png</url>
	</graph>
			</team>
		</wagon-wheels>
</graphs>

