<graphs>
		<match-graphs>
	<graph>
		<id>mhtn_1</id>
		<name>Manhattan</name>
			<url>http://synd.cricbuzz.com/archive/2015_WC/IND_UAE_FEB28/gph_mhtn_team_1.png</url>
			<url>http://synd.cricbuzz.com/archive/2015_WC/IND_UAE_FEB28/gph_mhtn_team_2.png</url>
	</graph>
	<graph>
		<id>rrate</id>
		<name>Run Rate Graph</name>
			<url>http://synd.cricbuzz.com/archive/2015_WC/IND_UAE_FEB28/gph_rrate.png</url>
	</graph>
	<graph>
		<id>rprog</id>
		<name>Run Progression Graph</name>
			<url>http://synd.cricbuzz.com/archive/2015_WC/IND_UAE_FEB28/gph_rprog.png</url>
	</graph>
	<graph>
		<id>prtn_1</id>
		<name>Partnership</name>
			<url>http://synd.cricbuzz.com/archive/2015_WC/IND_UAE_FEB28/gph_prtn_team_1.png</url>
			<url>http://synd.cricbuzz.com/archive/2015_WC/IND_UAE_FEB28/gph_prtn_team_2.png</url>
	</graph>
		</match-graphs>
		<wagon-wheels>
			<team>
				<name>United Arab Emirates</name>
	<graph>
		<id>wag_1365</id>
		<name>Amjad Ali</name>
			<url>http://synd.cricbuzz.com/archive/2015_WC/IND_UAE_FEB28/gph_wag_12875_7_1365_Amjad_Ali.png</url>
	</graph>
	<graph>
		<id>wag_10124</id>
		<name>Andri Berenger</name>
			<url>http://synd.cricbuzz.com/archive/2015_WC/IND_UAE_FEB28/gph_wag_12875_7_10124_Andri_Berenger.png</url>
	</graph>
	<graph>
		<id>wag_10041</id>
		<name>Krishnachandran Karate</name>
			<url>http://synd.cricbuzz.com/archive/2015_WC/IND_UAE_FEB28/gph_wag_12875_7_10041_Karate.png</url>
	</graph>
	<graph>
		<id>wag_81</id>
		<name>Khurram Khan</name>
			<url>http://synd.cricbuzz.com/archive/2015_WC/IND_UAE_FEB28/gph_wag_12875_7_81_K_Khan.png</url>
	</graph>
	<graph>
		<id>wag_9834</id>
		<name>Swapnil Patil</name>
			<url>http://synd.cricbuzz.com/archive/2015_WC/IND_UAE_FEB28/gph_wag_12875_7_9834_Swapnil_Patil.png</url>
	</graph>
	<graph>
		<id>wag_9837</id>
		<name>Shaiman Anwar</name>
			<url>http://synd.cricbuzz.com/archive/2015_WC/IND_UAE_FEB28/gph_wag_12875_7_9837_Shaiman_Anwar.png</url>
	</graph>
	<graph>
		<id>wag_9835</id>
		<name>Rohan Mustafa</name>
			<url>http://synd.cricbuzz.com/archive/2015_WC/IND_UAE_FEB28/gph_wag_12875_7_9835_Rohan_Mustafa.png</url>
	</graph>
	<graph>
		<id>wag_1366</id>
		<name>Amjad Javed</name>
			<url>http://synd.cricbuzz.com/archive/2015_WC/IND_UAE_FEB28/gph_wag_12875_7_1366_A_Javed.png</url>
	</graph>
	<graph>
		<id>wag_9832</id>
		<name>Mohammad Naveed</name>
			<url>http://synd.cricbuzz.com/archive/2015_WC/IND_UAE_FEB28/gph_wag_12875_7_9832_Naveed.png</url>
	</graph>
	<graph>
		<id>wag_87</id>
		<name>Mohammad Tauqir</name>
			<url>http://synd.cricbuzz.com/archive/2015_WC/IND_UAE_FEB28/gph_wag_12875_7_87_M_Tauqir.png</url>
	</graph>
	<graph>
		<id>wag_9830</id>
		<name>Manjula Guruge</name>
			<url>http://synd.cricbuzz.com/archive/2015_WC/IND_UAE_FEB28/gph_wag_12875_7_9830_Manjula_Guruge.png</url>
	</graph>
			</team>
			<team>
				<name>India</name>
	<graph>
		<id>wag_576</id>
		<name>Rohit Sharma</name>
			<url>http://synd.cricbuzz.com/archive/2015_WC/IND_UAE_FEB28/gph_wag_12875_2_576_Rohit.png</url>
	</graph>
	<graph>
		<id>wag_1446</id>
		<name>Shikhar Dhawan</name>
			<url>http://synd.cricbuzz.com/archive/2015_WC/IND_UAE_FEB28/gph_wag_12875_2_1446_Dhawan.png</url>
	</graph>
	<graph>
		<id>wag_1413</id>
		<name>Virat Kohli</name>
			<url>http://synd.cricbuzz.com/archive/2015_WC/IND_UAE_FEB28/gph_wag_12875_2_1413_Kohli.png</url>
	</graph>
			</team>
		</wagon-wheels>
</graphs>

