<graphs>
		<match-graphs>
	<graph>
		<id>mhtn_1</id>
		<name>Manhattan</name>
			<url>http://synd.cricbuzz.com/archive/2015_WC/PAK_WI_FEB21/gph_mhtn_team_1.png</url>
			<url>http://synd.cricbuzz.com/archive/2015_WC/PAK_WI_FEB21/gph_mhtn_team_2.png</url>
	</graph>
	<graph>
		<id>rrate</id>
		<name>Run Rate Graph</name>
			<url>http://synd.cricbuzz.com/archive/2015_WC/PAK_WI_FEB21/gph_rrate.png</url>
	</graph>
	<graph>
		<id>rprog</id>
		<name>Run Progression Graph</name>
			<url>http://synd.cricbuzz.com/archive/2015_WC/PAK_WI_FEB21/gph_rprog.png</url>
	</graph>
	<graph>
		<id>prtn_1</id>
		<name>Partnership</name>
			<url>http://synd.cricbuzz.com/archive/2015_WC/PAK_WI_FEB21/gph_prtn_team_1.png</url>
			<url>http://synd.cricbuzz.com/archive/2015_WC/PAK_WI_FEB21/gph_prtn_team_2.png</url>
	</graph>
		</match-graphs>
		<wagon-wheels>
			<team>
				<name>Pakistan</name>
	<graph>
		<id>wag_1055</id>
		<name>Nasir Jamshed</name>
			<url>http://synd.cricbuzz.com/archive/2015_WC/PAK_WI_FEB21/gph_wag_12864_3_1055_Jamshed.png</url>
	</graph>
	<graph>
		<id>wag_1787</id>
		<name>Ahmed Shehzad</name>
			<url>http://synd.cricbuzz.com/archive/2015_WC/PAK_WI_FEB21/gph_wag_12864_3_1787_Ahmed_Shehzad.png</url>
	</graph>
	<graph>
		<id>wag_130</id>
		<name>Younis Khan</name>
			<url>http://synd.cricbuzz.com/archive/2015_WC/PAK_WI_FEB21/gph_wag_12864_3_130_Younis_Khan.png</url>
	</graph>
	<graph>
		<id>wag_8299</id>
		<name>Haris Sohail</name>
			<url>http://synd.cricbuzz.com/archive/2015_WC/PAK_WI_FEB21/gph_wag_12864_3_8299_H_Sohail.png</url>
	</graph>
	<graph>
		<id>wag_274</id>
		<name>Misbah-ul-Haq</name>
			<url>http://synd.cricbuzz.com/archive/2015_WC/PAK_WI_FEB21/gph_wag_12864_3_274_Misbah.png</url>
	</graph>
	<graph>
		<id>wag_9524</id>
		<name>Sohaib Maqsood</name>
			<url>http://synd.cricbuzz.com/archive/2015_WC/PAK_WI_FEB21/gph_wag_12864_3_9524_S_Maqsood.png</url>
	</graph>
	<graph>
		<id>wag_1992</id>
		<name>Umar Akmal</name>
			<url>http://synd.cricbuzz.com/archive/2015_WC/PAK_WI_FEB21/gph_wag_12864_3_1992_U_Akmal.png</url>
	</graph>
	<graph>
		<id>wag_142</id>
		<name>Shahid Afridi</name>
			<url>http://synd.cricbuzz.com/archive/2015_WC/PAK_WI_FEB21/gph_wag_12864_3_142_Afridi.png</url>
	</graph>
	<graph>
		<id>wag_1051</id>
		<name>Wahab Riaz</name>
			<url>http://synd.cricbuzz.com/archive/2015_WC/PAK_WI_FEB21/gph_wag_12864_3_1051_Riaz.png</url>
	</graph>
	<graph>
		<id>wag_1120</id>
		<name>Sohail Khan</name>
			<url>http://synd.cricbuzz.com/archive/2015_WC/PAK_WI_FEB21/gph_wag_12864_3_1120_S_Khan.png</url>
	</graph>
	<graph>
		<id>wag_7621</id>
		<name>Mohammad Irfan</name>
			<url>http://synd.cricbuzz.com/archive/2015_WC/PAK_WI_FEB21/gph_wag_12864_3_7621_Irfan.png</url>
	</graph>
			</team>
			<team>
				<name>West Indies</name>
	<graph>
		<id>wag_255</id>
		<name>Dwayne Smith</name>
			<url>http://synd.cricbuzz.com/archive/2015_WC/PAK_WI_FEB21/gph_wag_12864_10_255_Dwayne_Smith.png</url>
	</graph>
	<graph>
		<id>wag_247</id>
		<name>Chris Gayle</name>
			<url>http://synd.cricbuzz.com/archive/2015_WC/PAK_WI_FEB21/gph_wag_12864_10_247_Gayle.png</url>
	</graph>
	<graph>
		<id>wag_1610</id>
		<name>Darren Bravo</name>
			<url>http://synd.cricbuzz.com/archive/2015_WC/PAK_WI_FEB21/gph_wag_12864_10_1610_DM_Bravo.png</url>
	</graph>
	<graph>
		<id>wag_356</id>
		<name>Marlon Samuels</name>
			<url>http://synd.cricbuzz.com/archive/2015_WC/PAK_WI_FEB21/gph_wag_12864_10_356_Samuels.png</url>
	</graph>
	<graph>
		<id>wag_399</id>
		<name>Denesh Ramdin</name>
			<url>http://synd.cricbuzz.com/archive/2015_WC/PAK_WI_FEB21/gph_wag_12864_10_399_Ramdin.png</url>
	</graph>
	<graph>
		<id>wag_599</id>
		<name>Lendl Simmons</name>
			<url>http://synd.cricbuzz.com/archive/2015_WC/PAK_WI_FEB21/gph_wag_12864_10_599_L_Simmons.png</url>
	</graph>
	<graph>
		<id>wag_253</id>
		<name>Darren Sammy</name>
			<url>http://synd.cricbuzz.com/archive/2015_WC/PAK_WI_FEB21/gph_wag_12864_10_253_Sammy.png</url>
	</graph>
	<graph>
		<id>wag_7736</id>
		<name>Andre Russell</name>
			<url>http://synd.cricbuzz.com/archive/2015_WC/PAK_WI_FEB21/gph_wag_12864_10_7736_A_Russell.png</url>
	</graph>
			</team>
		</wagon-wheels>
</graphs>

