<graphs>
		<match-graphs>
	<graph>
		<id>mhtn_1</id>
		<name>Manhattan</name>
			<url>http://synd.cricbuzz.com/archive/2015_WC/PAK_ZIM_MAR01/gph_mhtn_team_1.png</url>
			<url>http://synd.cricbuzz.com/archive/2015_WC/PAK_ZIM_MAR01/gph_mhtn_team_2.png</url>
	</graph>
	<graph>
		<id>rrate</id>
		<name>Run Rate Graph</name>
			<url>http://synd.cricbuzz.com/archive/2015_WC/PAK_ZIM_MAR01/gph_rrate.png</url>
	</graph>
	<graph>
		<id>rprog</id>
		<name>Run Progression Graph</name>
			<url>http://synd.cricbuzz.com/archive/2015_WC/PAK_ZIM_MAR01/gph_rprog.png</url>
	</graph>
	<graph>
		<id>prtn_1</id>
		<name>Partnership</name>
			<url>http://synd.cricbuzz.com/archive/2015_WC/PAK_ZIM_MAR01/gph_prtn_team_1.png</url>
			<url>http://synd.cricbuzz.com/archive/2015_WC/PAK_ZIM_MAR01/gph_prtn_team_2.png</url>
	</graph>
		</match-graphs>
		<wagon-wheels>
			<team>
				<name>Zimbabwe</name>
	<graph>
		<id>wag_436</id>
		<name>Chamu Chibhabha</name>
			<url>http://synd.cricbuzz.com/archive/2015_WC/PAK_ZIM_MAR01/gph_wag_12877_12_436_Chibhabha.png</url>
	</graph>
	<graph>
		<id>wag_9354</id>
		<name>Sikandar Raza</name>
			<url>http://synd.cricbuzz.com/archive/2015_WC/PAK_ZIM_MAR01/gph_wag_12877_12_9354_S_Raza.png</url>
	</graph>
	<graph>
		<id>wag_425</id>
		<name>Hamilton Masakadza</name>
			<url>http://synd.cricbuzz.com/archive/2015_WC/PAK_ZIM_MAR01/gph_wag_12877_12_425_H_Masakadza.png</url>
	</graph>
	<graph>
		<id>wag_180</id>
		<name>Brendan Taylor</name>
			<url>http://synd.cricbuzz.com/archive/2015_WC/PAK_ZIM_MAR01/gph_wag_12877_12_180_Brendan_Taylor.png</url>
	</graph>
	<graph>
		<id>wag_441</id>
		<name>Sean Williams</name>
			<url>http://synd.cricbuzz.com/archive/2015_WC/PAK_ZIM_MAR01/gph_wag_12877_12_441_Sean_Williams.png</url>
	</graph>
	<graph>
		<id>wag_6334</id>
		<name>Craig Ervine</name>
			<url>http://synd.cricbuzz.com/archive/2015_WC/PAK_ZIM_MAR01/gph_wag_12877_12_6334_C_Ervine.png</url>
	</graph>
	<graph>
		<id>wag_9737</id>
		<name>Solomon Mire</name>
			<url>http://synd.cricbuzz.com/archive/2015_WC/PAK_ZIM_MAR01/gph_wag_12877_12_9737_Solomon_Mire.png</url>
	</graph>
	<graph>
		<id>wag_170</id>
		<name>Elton Chigumbura</name>
			<url>http://synd.cricbuzz.com/archive/2015_WC/PAK_ZIM_MAR01/gph_wag_12877_12_170_Chigumbura.png</url>
	</graph>
	<graph>
		<id>wag_175</id>
		<name>Tawanda Mupariwa</name>
			<url>http://synd.cricbuzz.com/archive/2015_WC/PAK_ZIM_MAR01/gph_wag_12877_12_175_T_Mupariwa.png</url>
	</graph>
	<graph>
		<id>wag_3465</id>
		<name>Tinashe Panyangara</name>
			<url>http://synd.cricbuzz.com/archive/2015_WC/PAK_ZIM_MAR01/gph_wag_12877_12_3465_Panyangara.png</url>
	</graph>
	<graph>
		<id>wag_6483</id>
		<name>Tendai Chatara</name>
			<url>http://synd.cricbuzz.com/archive/2015_WC/PAK_ZIM_MAR01/gph_wag_12877_12_6483_Chatara.png</url>
	</graph>
			</team>
			<team>
				<name>Pakistan</name>
	<graph>
		<id>wag_1055</id>
		<name>Nasir Jamshed</name>
			<url>http://synd.cricbuzz.com/archive/2015_WC/PAK_ZIM_MAR01/gph_wag_12877_3_1055_Jamshed.png</url>
	</graph>
	<graph>
		<id>wag_1787</id>
		<name>Ahmed Shehzad</name>
			<url>http://synd.cricbuzz.com/archive/2015_WC/PAK_ZIM_MAR01/gph_wag_12877_3_1787_Ahmed_Shehzad.png</url>
	</graph>
	<graph>
		<id>wag_8299</id>
		<name>Haris Sohail</name>
			<url>http://synd.cricbuzz.com/archive/2015_WC/PAK_ZIM_MAR01/gph_wag_12877_3_8299_H_Sohail.png</url>
	</graph>
	<graph>
		<id>wag_274</id>
		<name>Misbah-ul-Haq</name>
			<url>http://synd.cricbuzz.com/archive/2015_WC/PAK_ZIM_MAR01/gph_wag_12877_3_274_Misbah.png</url>
	</graph>
	<graph>
		<id>wag_1992</id>
		<name>Umar Akmal</name>
			<url>http://synd.cricbuzz.com/archive/2015_WC/PAK_ZIM_MAR01/gph_wag_12877_3_1992_U_Akmal.png</url>
	</graph>
	<graph>
		<id>wag_142</id>
		<name>Shahid Afridi</name>
			<url>http://synd.cricbuzz.com/archive/2015_WC/PAK_ZIM_MAR01/gph_wag_12877_3_142_Afridi.png</url>
	</graph>
	<graph>
		<id>wag_9524</id>
		<name>Sohaib Maqsood</name>
			<url>http://synd.cricbuzz.com/archive/2015_WC/PAK_ZIM_MAR01/gph_wag_12877_3_9524_S_Maqsood.png</url>
	</graph>
	<graph>
		<id>wag_1051</id>
		<name>Wahab Riaz</name>
			<url>http://synd.cricbuzz.com/archive/2015_WC/PAK_ZIM_MAR01/gph_wag_12877_3_1051_Riaz.png</url>
	</graph>
	<graph>
		<id>wag_1120</id>
		<name>Sohail Khan</name>
			<url>http://synd.cricbuzz.com/archive/2015_WC/PAK_ZIM_MAR01/gph_wag_12877_3_1120_S_Khan.png</url>
	</graph>
			</team>
		</wagon-wheels>
</graphs>

