<graphs>
		<match-graphs>
	<graph>
		<id>mhtn_1</id>
		<name>Manhattan</name>
			<url>http://synd.cricbuzz.com/archive/2015_WC/ENG_BAN_MAR09/gph_mhtn_team_1.png</url>
			<url>http://synd.cricbuzz.com/archive/2015_WC/ENG_BAN_MAR09/gph_mhtn_team_2.png</url>
	</graph>
	<graph>
		<id>rrate</id>
		<name>Run Rate Graph</name>
			<url>http://synd.cricbuzz.com/archive/2015_WC/ENG_BAN_MAR09/gph_rrate.png</url>
	</graph>
	<graph>
		<id>rprog</id>
		<name>Run Progression Graph</name>
			<url>http://synd.cricbuzz.com/archive/2015_WC/ENG_BAN_MAR09/gph_rprog.png</url>
	</graph>
	<graph>
		<id>prtn_1</id>
		<name>Partnership</name>
			<url>http://synd.cricbuzz.com/archive/2015_WC/ENG_BAN_MAR09/gph_prtn_team_1.png</url>
			<url>http://synd.cricbuzz.com/archive/2015_WC/ENG_BAN_MAR09/gph_prtn_team_2.png</url>
	</graph>
		</match-graphs>
		<wagon-wheels>
			<team>
				<name>England</name>
	<graph>
		<id>wag_6692</id>
		<name>Moeen Ali</name>
			<url>http://synd.cricbuzz.com/archive/2015_WC/ENG_BAN_MAR09/gph_wag_12887_9_6692_M_Ali.png</url>
	</graph>
	<graph>
		<id>wag_385</id>
		<name>Ian Bell</name>
			<url>http://synd.cricbuzz.com/archive/2015_WC/ENG_BAN_MAR09/gph_wag_12887_9_385_Bell.png</url>
	</graph>
	<graph>
		<id>wag_6734</id>
		<name>Alex Hales</name>
			<url>http://synd.cricbuzz.com/archive/2015_WC/ENG_BAN_MAR09/gph_wag_12887_9_6734_A_Hales.png</url>
	</graph>
	<graph>
		<id>wag_8019</id>
		<name>Joe Root</name>
			<url>http://synd.cricbuzz.com/archive/2015_WC/ENG_BAN_MAR09/gph_wag_12887_9_8019_J_Root.png</url>
	</graph>
	<graph>
		<id>wag_6500</id>
		<name>James Taylor</name>
			<url>http://synd.cricbuzz.com/archive/2015_WC/ENG_BAN_MAR09/gph_wag_12887_9_6500_James_Taylor.png</url>
	</graph>
	<graph>
		<id>wag_2258</id>
		<name>Jos Buttler</name>
			<url>http://synd.cricbuzz.com/archive/2015_WC/ENG_BAN_MAR09/gph_wag_12887_9_2258_J_Buttler.png</url>
	</graph>
	<graph>
		<id>wag_6670</id>
		<name>Chris Woakes</name>
			<url>http://synd.cricbuzz.com/archive/2015_WC/ENG_BAN_MAR09/gph_wag_12887_9_6670_C_Woakes.png</url>
	</graph>
	<graph>
		<id>wag_6532</id>
		<name>Chris Jordan</name>
			<url>http://synd.cricbuzz.com/archive/2015_WC/ENG_BAN_MAR09/gph_wag_12887_9_6532_C_Jordan.png</url>
	</graph>
	<graph>
		<id>wag_554</id>
		<name>Stuart Broad</name>
			<url>http://synd.cricbuzz.com/archive/2015_WC/ENG_BAN_MAR09/gph_wag_12887_9_554_Broad.png</url>
	</graph>
	<graph>
		<id>wag_65</id>
		<name>James Anderson</name>
			<url>http://synd.cricbuzz.com/archive/2015_WC/ENG_BAN_MAR09/gph_wag_12887_9_65_J_Anderson.png</url>
	</graph>
			</team>
			<team>
				<name>Bangladesh</name>
	<graph>
		<id>wag_612</id>
		<name>Tamim Iqbal</name>
			<url>http://synd.cricbuzz.com/archive/2015_WC/ENG_BAN_MAR09/gph_wag_12887_6_612_Tamim.png</url>
	</graph>
	<graph>
		<id>wag_1583</id>
		<name>Imrul Kayes</name>
			<url>http://synd.cricbuzz.com/archive/2015_WC/ENG_BAN_MAR09/gph_wag_12887_6_1583_I_Kayes.png</url>
	</graph>
	<graph>
		<id>wag_8233</id>
		<name>Soumya Sarkar</name>
			<url>http://synd.cricbuzz.com/archive/2015_WC/ENG_BAN_MAR09/gph_wag_12887_6_8233_Soumya_Sarkar.png</url>
	</graph>
	<graph>
		<id>wag_1121</id>
		<name>Mahmudullah</name>
			<url>http://synd.cricbuzz.com/archive/2015_WC/ENG_BAN_MAR09/gph_wag_12887_6_1121_Mahmudullah.png</url>
	</graph>
	<graph>
		<id>wag_544</id>
		<name>Shakib Al Hasan</name>
			<url>http://synd.cricbuzz.com/archive/2015_WC/ENG_BAN_MAR09/gph_wag_12887_6_544_Shakib.png</url>
	</graph>
	<graph>
		<id>wag_394</id>
		<name>Mushfiqur Rahim</name>
			<url>http://synd.cricbuzz.com/archive/2015_WC/ENG_BAN_MAR09/gph_wag_12887_6_394_Rahim.png</url>
	</graph>
	<graph>
		<id>wag_8231</id>
		<name>Sabbir Rahman</name>
			<url>http://synd.cricbuzz.com/archive/2015_WC/ENG_BAN_MAR09/gph_wag_12887_6_8231_S_Rahman.png</url>
	</graph>
	<graph>
		<id>wag_323</id>
		<name>Mashrafe Mortaza</name>
			<url>http://synd.cricbuzz.com/archive/2015_WC/ENG_BAN_MAR09/gph_wag_12887_6_323_Mortaza.png</url>
	</graph>
	<graph>
		<id>wag_8243</id>
		<name>Arafat Sunny</name>
			<url>http://synd.cricbuzz.com/archive/2015_WC/ENG_BAN_MAR09/gph_wag_12887_6_8243_A_Sunny.png</url>
	</graph>
			</team>
		</wagon-wheels>
</graphs>

