<graphs>
		<match-graphs>
	<graph>
		<id>mhtn_1</id>
		<name>Manhattan</name>
			<url>http://synd.cricbuzz.com/archive/2015_WC/IRE_UAE_FEB25/gph_mhtn_team_1.png</url>
			<url>http://synd.cricbuzz.com/archive/2015_WC/IRE_UAE_FEB25/gph_mhtn_team_2.png</url>
	</graph>
	<graph>
		<id>rrate</id>
		<name>Run Rate Graph</name>
			<url>http://synd.cricbuzz.com/archive/2015_WC/IRE_UAE_FEB25/gph_rrate.png</url>
	</graph>
	<graph>
		<id>rprog</id>
		<name>Run Progression Graph</name>
			<url>http://synd.cricbuzz.com/archive/2015_WC/IRE_UAE_FEB25/gph_rprog.png</url>
	</graph>
	<graph>
		<id>prtn_1</id>
		<name>Partnership</name>
			<url>http://synd.cricbuzz.com/archive/2015_WC/IRE_UAE_FEB25/gph_prtn_team_1.png</url>
			<url>http://synd.cricbuzz.com/archive/2015_WC/IRE_UAE_FEB25/gph_prtn_team_2.png</url>
	</graph>
		</match-graphs>
		<wagon-wheels>
			<team>
				<name>United Arab Emirates</name>
	<graph>
		<id>wag_1365</id>
		<name>Amjad Ali</name>
			<url>http://synd.cricbuzz.com/archive/2015_WC/IRE_UAE_FEB25/gph_wag_12870_7_1365_Amjad_Ali.png</url>
	</graph>
	<graph>
		<id>wag_10124</id>
		<name>Andri Berenger</name>
			<url>http://synd.cricbuzz.com/archive/2015_WC/IRE_UAE_FEB25/gph_wag_12870_7_10124_Andri_Berenger.png</url>
	</graph>
	<graph>
		<id>wag_10041</id>
		<name>Krishnachandran Karate</name>
			<url>http://synd.cricbuzz.com/archive/2015_WC/IRE_UAE_FEB25/gph_wag_12870_7_10041_Karate.png</url>
	</graph>
	<graph>
		<id>wag_81</id>
		<name>Khurram Khan</name>
			<url>http://synd.cricbuzz.com/archive/2015_WC/IRE_UAE_FEB25/gph_wag_12870_7_81_K_Khan.png</url>
	</graph>
	<graph>
		<id>wag_9834</id>
		<name>Swapnil Patil</name>
			<url>http://synd.cricbuzz.com/archive/2015_WC/IRE_UAE_FEB25/gph_wag_12870_7_9834_Swapnil_Patil.png</url>
	</graph>
	<graph>
		<id>wag_9837</id>
		<name>Shaiman Anwar</name>
			<url>http://synd.cricbuzz.com/archive/2015_WC/IRE_UAE_FEB25/gph_wag_12870_7_9837_Shaiman_Anwar.png</url>
	</graph>
	<graph>
		<id>wag_9835</id>
		<name>Rohan Mustafa</name>
			<url>http://synd.cricbuzz.com/archive/2015_WC/IRE_UAE_FEB25/gph_wag_12870_7_9835_Rohan_Mustafa.png</url>
	</graph>
	<graph>
		<id>wag_1366</id>
		<name>Amjad Javed</name>
			<url>http://synd.cricbuzz.com/archive/2015_WC/IRE_UAE_FEB25/gph_wag_12870_7_1366_A_Javed.png</url>
	</graph>
	<graph>
		<id>wag_9832</id>
		<name>Mohammad Naveed</name>
			<url>http://synd.cricbuzz.com/archive/2015_WC/IRE_UAE_FEB25/gph_wag_12870_7_9832_Naveed.png</url>
	</graph>
	<graph>
		<id>wag_87</id>
		<name>Mohammad Tauqir</name>
			<url>http://synd.cricbuzz.com/archive/2015_WC/IRE_UAE_FEB25/gph_wag_12870_7_87_M_Tauqir.png</url>
	</graph>
	<graph>
		<id>wag_9830</id>
		<name>Manjula Guruge</name>
			<url>http://synd.cricbuzz.com/archive/2015_WC/IRE_UAE_FEB25/gph_wag_12870_7_9830_Manjula_Guruge.png</url>
	</graph>
			</team>
			<team>
				<name>Ireland</name>
	<graph>
		<id>wag_625</id>
		<name>William Porterfield</name>
			<url>http://synd.cricbuzz.com/archive/2015_WC/IRE_UAE_FEB25/gph_wag_12870_27_625_Porterfield.png</url>
	</graph>
	<graph>
		<id>wag_1114</id>
		<name>Paul Stirling</name>
			<url>http://synd.cricbuzz.com/archive/2015_WC/IRE_UAE_FEB25/gph_wag_12870_27_1114_Stirling.png</url>
	</graph>
	<graph>
		<id>wag_540</id>
		<name>Ed Joyce</name>
			<url>http://synd.cricbuzz.com/archive/2015_WC/IRE_UAE_FEB25/gph_wag_12870_27_540_Ed_Joyce.png</url>
	</graph>
	<graph>
		<id>wag_691</id>
		<name>Niall O'Brien</name>
			<url>http://synd.cricbuzz.com/archive/2015_WC/IRE_UAE_FEB25/gph_wag_12870_27_691_N_O'Brien.png</url>
	</graph>
	<graph>
		<id>wag_6710</id>
		<name>Andrew Balbirnie</name>
			<url>http://synd.cricbuzz.com/archive/2015_WC/IRE_UAE_FEB25/gph_wag_12870_27_6710_Balbirnie.png</url>
	</graph>
	<graph>
		<id>wag_739</id>
		<name>Gary Wilson</name>
			<url>http://synd.cricbuzz.com/archive/2015_WC/IRE_UAE_FEB25/gph_wag_12870_27_739_G_Wilson.png</url>
	</graph>
	<graph>
		<id>wag_690</id>
		<name>Kevin O'Brien</name>
			<url>http://synd.cricbuzz.com/archive/2015_WC/IRE_UAE_FEB25/gph_wag_12870_27_690_K_O'Brien.png</url>
	</graph>
	<graph>
		<id>wag_622</id>
		<name>John Mooney</name>
			<url>http://synd.cricbuzz.com/archive/2015_WC/IRE_UAE_FEB25/gph_wag_12870_27_622_J_Mooney.png</url>
	</graph>
	<graph>
		<id>wag_735</id>
		<name>Alex Cusack</name>
			<url>http://synd.cricbuzz.com/archive/2015_WC/IRE_UAE_FEB25/gph_wag_12870_27_735_Cusack.png</url>
	</graph>
	<graph>
		<id>wag_6329</id>
		<name>George Dockrell</name>
			<url>http://synd.cricbuzz.com/archive/2015_WC/IRE_UAE_FEB25/gph_wag_12870_27_6329_Dockrell.png</url>
	</graph>
			</team>
		</wagon-wheels>
</graphs>

