<graphs>
		<match-graphs>
	<graph>
		<id>mhtn_1</id>
		<name>Manhattan</name>
			<url>http://synd.cricbuzz.com/archive/2015_WC/ENG_SCO_FEB23/gph_mhtn_team_1.png</url>
			<url>http://synd.cricbuzz.com/archive/2015_WC/ENG_SCO_FEB23/gph_mhtn_team_2.png</url>
	</graph>
	<graph>
		<id>rrate</id>
		<name>Run Rate Graph</name>
			<url>http://synd.cricbuzz.com/archive/2015_WC/ENG_SCO_FEB23/gph_rrate.png</url>
	</graph>
	<graph>
		<id>rprog</id>
		<name>Run Progression Graph</name>
			<url>http://synd.cricbuzz.com/archive/2015_WC/ENG_SCO_FEB23/gph_rprog.png</url>
	</graph>
	<graph>
		<id>prtn_1</id>
		<name>Partnership</name>
			<url>http://synd.cricbuzz.com/archive/2015_WC/ENG_SCO_FEB23/gph_prtn_team_1.png</url>
			<url>http://synd.cricbuzz.com/archive/2015_WC/ENG_SCO_FEB23/gph_prtn_team_2.png</url>
	</graph>
		</match-graphs>
		<wagon-wheels>
			<team>
				<name>Scotland</name>
	<graph>
		<id>wag_1415</id>
		<name>Kyle Coetzer</name>
			<url>http://synd.cricbuzz.com/archive/2015_WC/ENG_SCO_FEB23/gph_wag_12868_23_1415_K_Coetzer.png</url>
	</graph>
	<graph>
		<id>wag_1416</id>
		<name>Calum MacLeod</name>
			<url>http://synd.cricbuzz.com/archive/2015_WC/ENG_SCO_FEB23/gph_wag_12868_23_1416_C_MacLeod.png</url>
	</graph>
	<graph>
		<id>wag_9318</id>
		<name>Freddie Coleman</name>
			<url>http://synd.cricbuzz.com/archive/2015_WC/ENG_SCO_FEB23/gph_wag_12868_23_9318_F_Coleman.png</url>
	</graph>
	<graph>
		<id>wag_6565</id>
		<name>Matt Machan</name>
			<url>http://synd.cricbuzz.com/archive/2015_WC/ENG_SCO_FEB23/gph_wag_12868_23_6565_M_Machan.png</url>
	</graph>
	<graph>
		<id>wag_6744</id>
		<name>Preston Mommsen</name>
			<url>http://synd.cricbuzz.com/archive/2015_WC/ENG_SCO_FEB23/gph_wag_12868_23_6744_P_Mommsen.png</url>
	</graph>
	<graph>
		<id>wag_1398</id>
		<name>Richie Berrington</name>
			<url>http://synd.cricbuzz.com/archive/2015_WC/ENG_SCO_FEB23/gph_wag_12868_23_1398_R_Berrington.png</url>
	</graph>
	<graph>
		<id>wag_9365</id>
		<name>Matthew Cross</name>
			<url>http://synd.cricbuzz.com/archive/2015_WC/ENG_SCO_FEB23/gph_wag_12868_23_9365_M_Cross.png</url>
	</graph>
	<graph>
		<id>wag_6657</id>
		<name>Josh Davey</name>
			<url>http://synd.cricbuzz.com/archive/2015_WC/ENG_SCO_FEB23/gph_wag_12868_23_6657_J_Davey.png</url>
	</graph>
	<graph>
		<id>wag_646</id>
		<name>Majid Haq</name>
			<url>http://synd.cricbuzz.com/archive/2015_WC/ENG_SCO_FEB23/gph_wag_12868_23_646_M_Haq.png</url>
	</graph>
	<graph>
		<id>wag_3053</id>
		<name>Alasdair Evans</name>
			<url>http://synd.cricbuzz.com/archive/2015_WC/ENG_SCO_FEB23/gph_wag_12868_23_3053_A_Evans.png</url>
	</graph>
	<graph>
		<id>wag_8423</id>
		<name>Iain Wardlaw</name>
			<url>http://synd.cricbuzz.com/archive/2015_WC/ENG_SCO_FEB23/gph_wag_12868_23_8423_Iain_Wardlaw.png</url>
	</graph>
			</team>
			<team>
				<name>England</name>
	<graph>
		<id>wag_6692</id>
		<name>Moeen Ali</name>
			<url>http://synd.cricbuzz.com/archive/2015_WC/ENG_SCO_FEB23/gph_wag_12868_9_6692_M_Ali.png</url>
	</graph>
	<graph>
		<id>wag_385</id>
		<name>Ian Bell</name>
			<url>http://synd.cricbuzz.com/archive/2015_WC/ENG_SCO_FEB23/gph_wag_12868_9_385_Bell.png</url>
	</graph>
	<graph>
		<id>wag_6679</id>
		<name>Gary Ballance</name>
			<url>http://synd.cricbuzz.com/archive/2015_WC/ENG_SCO_FEB23/gph_wag_12868_9_6679_Ballance.png</url>
	</graph>
	<graph>
		<id>wag_8019</id>
		<name>Joe Root</name>
			<url>http://synd.cricbuzz.com/archive/2015_WC/ENG_SCO_FEB23/gph_wag_12868_9_8019_J_Root.png</url>
	</graph>
	<graph>
		<id>wag_624</id>
		<name>Eoin Morgan</name>
			<url>http://synd.cricbuzz.com/archive/2015_WC/ENG_SCO_FEB23/gph_wag_12868_9_624_E_Morgan.png</url>
	</graph>
	<graph>
		<id>wag_6500</id>
		<name>James Taylor</name>
			<url>http://synd.cricbuzz.com/archive/2015_WC/ENG_SCO_FEB23/gph_wag_12868_9_6500_James_Taylor.png</url>
	</graph>
	<graph>
		<id>wag_2258</id>
		<name>Jos Buttler</name>
			<url>http://synd.cricbuzz.com/archive/2015_WC/ENG_SCO_FEB23/gph_wag_12868_9_2258_J_Buttler.png</url>
	</graph>
	<graph>
		<id>wag_6670</id>
		<name>Chris Woakes</name>
			<url>http://synd.cricbuzz.com/archive/2015_WC/ENG_SCO_FEB23/gph_wag_12868_9_6670_C_Woakes.png</url>
	</graph>
	<graph>
		<id>wag_554</id>
		<name>Stuart Broad</name>
			<url>http://synd.cricbuzz.com/archive/2015_WC/ENG_SCO_FEB23/gph_wag_12868_9_554_Broad.png</url>
	</graph>
	<graph>
		<id>wag_6317</id>
		<name>Steven Finn</name>
			<url>http://synd.cricbuzz.com/archive/2015_WC/ENG_SCO_FEB23/gph_wag_12868_9_6317_Finn.png</url>
	</graph>
			</team>
		</wagon-wheels>
</graphs>

