<graphs>
		<match-graphs>
	<graph>
		<id>mhtn_1</id>
		<name>Manhattan</name>
			<url>http://synd.cricbuzz.com/archive/2015_WC/IND_ZIM_MAR14/gph_mhtn_team_1.png</url>
			<url>http://synd.cricbuzz.com/archive/2015_WC/IND_ZIM_MAR14/gph_mhtn_team_2.png</url>
	</graph>
	<graph>
		<id>rrate</id>
		<name>Run Rate Graph</name>
			<url>http://synd.cricbuzz.com/archive/2015_WC/IND_ZIM_MAR14/gph_rrate.png</url>
	</graph>
	<graph>
		<id>rprog</id>
		<name>Run Progression Graph</name>
			<url>http://synd.cricbuzz.com/archive/2015_WC/IND_ZIM_MAR14/gph_rprog.png</url>
	</graph>
	<graph>
		<id>prtn_1</id>
		<name>Partnership</name>
			<url>http://synd.cricbuzz.com/archive/2015_WC/IND_ZIM_MAR14/gph_prtn_team_1.png</url>
			<url>http://synd.cricbuzz.com/archive/2015_WC/IND_ZIM_MAR14/gph_prtn_team_2.png</url>
	</graph>
		</match-graphs>
		<wagon-wheels>
			<team>
				<name>Zimbabwe</name>
	<graph>
		<id>wag_436</id>
		<name>Chamu Chibhabha</name>
			<url>http://synd.cricbuzz.com/archive/2015_WC/IND_ZIM_MAR14/gph_wag_12893_12_436_Chibhabha.png</url>
	</graph>
	<graph>
		<id>wag_425</id>
		<name>Hamilton Masakadza</name>
			<url>http://synd.cricbuzz.com/archive/2015_WC/IND_ZIM_MAR14/gph_wag_12893_12_425_H_Masakadza.png</url>
	</graph>
	<graph>
		<id>wag_9737</id>
		<name>Solomon Mire</name>
			<url>http://synd.cricbuzz.com/archive/2015_WC/IND_ZIM_MAR14/gph_wag_12893_12_9737_Solomon_Mire.png</url>
	</graph>
	<graph>
		<id>wag_180</id>
		<name>Brendan Taylor</name>
			<url>http://synd.cricbuzz.com/archive/2015_WC/IND_ZIM_MAR14/gph_wag_12893_12_180_Brendan_Taylor.png</url>
	</graph>
	<graph>
		<id>wag_441</id>
		<name>Sean Williams</name>
			<url>http://synd.cricbuzz.com/archive/2015_WC/IND_ZIM_MAR14/gph_wag_12893_12_441_Sean_Williams.png</url>
	</graph>
	<graph>
		<id>wag_6334</id>
		<name>Craig Ervine</name>
			<url>http://synd.cricbuzz.com/archive/2015_WC/IND_ZIM_MAR14/gph_wag_12893_12_6334_C_Ervine.png</url>
	</graph>
	<graph>
		<id>wag_9354</id>
		<name>Sikandar Raza</name>
			<url>http://synd.cricbuzz.com/archive/2015_WC/IND_ZIM_MAR14/gph_wag_12893_12_9354_S_Raza.png</url>
	</graph>
	<graph>
		<id>wag_781</id>
		<name>Regis Chakabva</name>
			<url>http://synd.cricbuzz.com/archive/2015_WC/IND_ZIM_MAR14/gph_wag_12893_12_781_Chakabva.png</url>
	</graph>
	<graph>
		<id>wag_3465</id>
		<name>Tinashe Panyangara</name>
			<url>http://synd.cricbuzz.com/archive/2015_WC/IND_ZIM_MAR14/gph_wag_12893_12_3465_Panyangara.png</url>
	</graph>
	<graph>
		<id>wag_175</id>
		<name>Tawanda Mupariwa</name>
			<url>http://synd.cricbuzz.com/archive/2015_WC/IND_ZIM_MAR14/gph_wag_12893_12_175_T_Mupariwa.png</url>
	</graph>
	<graph>
		<id>wag_6483</id>
		<name>Tendai Chatara</name>
			<url>http://synd.cricbuzz.com/archive/2015_WC/IND_ZIM_MAR14/gph_wag_12893_12_6483_Chatara.png</url>
	</graph>
			</team>
			<team>
				<name>India</name>
	<graph>
		<id>wag_576</id>
		<name>Rohit Sharma</name>
			<url>http://synd.cricbuzz.com/archive/2015_WC/IND_ZIM_MAR14/gph_wag_12893_2_576_Rohit.png</url>
	</graph>
	<graph>
		<id>wag_1446</id>
		<name>Shikhar Dhawan</name>
			<url>http://synd.cricbuzz.com/archive/2015_WC/IND_ZIM_MAR14/gph_wag_12893_2_1446_Dhawan.png</url>
	</graph>
	<graph>
		<id>wag_1413</id>
		<name>Virat Kohli</name>
			<url>http://synd.cricbuzz.com/archive/2015_WC/IND_ZIM_MAR14/gph_wag_12893_2_1413_Kohli.png</url>
	</graph>
	<graph>
		<id>wag_1447</id>
		<name>Ajinkya Rahane</name>
			<url>http://synd.cricbuzz.com/archive/2015_WC/IND_ZIM_MAR14/gph_wag_12893_2_1447_A_Rahane.png</url>
	</graph>
	<graph>
		<id>wag_413</id>
		<name>Suresh Raina</name>
			<url>http://synd.cricbuzz.com/archive/2015_WC/IND_ZIM_MAR14/gph_wag_12893_2_413_Raina.png</url>
	</graph>
	<graph>
		<id>wag_265</id>
		<name>MS Dhoni</name>
			<url>http://synd.cricbuzz.com/archive/2015_WC/IND_ZIM_MAR14/gph_wag_12893_2_265_Dhoni.png</url>
	</graph>
			</team>
		</wagon-wheels>
</graphs>

