<graphs>
		<match-graphs>
	<graph>
		<id>mhtn_1</id>
		<name>Manhattan</name>
			<url>http://synd.cricbuzz.com/archive/2015_WC/PAK_RSA_MAR07/gph_mhtn_team_1.png</url>
			<url>http://synd.cricbuzz.com/archive/2015_WC/PAK_RSA_MAR07/gph_mhtn_team_2.png</url>
	</graph>
	<graph>
		<id>rrate</id>
		<name>Run Rate Graph</name>
			<url>http://synd.cricbuzz.com/archive/2015_WC/PAK_RSA_MAR07/gph_rrate.png</url>
	</graph>
	<graph>
		<id>rprog</id>
		<name>Run Progression Graph</name>
			<url>http://synd.cricbuzz.com/archive/2015_WC/PAK_RSA_MAR07/gph_rprog.png</url>
	</graph>
	<graph>
		<id>prtn_1</id>
		<name>Partnership</name>
			<url>http://synd.cricbuzz.com/archive/2015_WC/PAK_RSA_MAR07/gph_prtn_team_1.png</url>
			<url>http://synd.cricbuzz.com/archive/2015_WC/PAK_RSA_MAR07/gph_prtn_team_2.png</url>
	</graph>
		</match-graphs>
		<wagon-wheels>
			<team>
				<name>Pakistan</name>
	<graph>
		<id>wag_881</id>
		<name>Sarfraz Ahmed</name>
			<url>http://synd.cricbuzz.com/archive/2015_WC/PAK_RSA_MAR07/gph_wag_12883_3_881_S_Ahmed.png</url>
	</graph>
	<graph>
		<id>wag_1787</id>
		<name>Ahmed Shehzad</name>
			<url>http://synd.cricbuzz.com/archive/2015_WC/PAK_RSA_MAR07/gph_wag_12883_3_1787_Ahmed_Shehzad.png</url>
	</graph>
	<graph>
		<id>wag_130</id>
		<name>Younis Khan</name>
			<url>http://synd.cricbuzz.com/archive/2015_WC/PAK_RSA_MAR07/gph_wag_12883_3_130_Younis_Khan.png</url>
	</graph>
	<graph>
		<id>wag_274</id>
		<name>Misbah-ul-Haq</name>
			<url>http://synd.cricbuzz.com/archive/2015_WC/PAK_RSA_MAR07/gph_wag_12883_3_274_Misbah.png</url>
	</graph>
	<graph>
		<id>wag_9524</id>
		<name>Sohaib Maqsood</name>
			<url>http://synd.cricbuzz.com/archive/2015_WC/PAK_RSA_MAR07/gph_wag_12883_3_9524_S_Maqsood.png</url>
	</graph>
	<graph>
		<id>wag_1992</id>
		<name>Umar Akmal</name>
			<url>http://synd.cricbuzz.com/archive/2015_WC/PAK_RSA_MAR07/gph_wag_12883_3_1992_U_Akmal.png</url>
	</graph>
	<graph>
		<id>wag_142</id>
		<name>Shahid Afridi</name>
			<url>http://synd.cricbuzz.com/archive/2015_WC/PAK_RSA_MAR07/gph_wag_12883_3_142_Afridi.png</url>
	</graph>
	<graph>
		<id>wag_1051</id>
		<name>Wahab Riaz</name>
			<url>http://synd.cricbuzz.com/archive/2015_WC/PAK_RSA_MAR07/gph_wag_12883_3_1051_Riaz.png</url>
	</graph>
	<graph>
		<id>wag_1120</id>
		<name>Sohail Khan</name>
			<url>http://synd.cricbuzz.com/archive/2015_WC/PAK_RSA_MAR07/gph_wag_12883_3_1120_S_Khan.png</url>
	</graph>
	<graph>
		<id>wag_8301</id>
		<name>Rahat Ali</name>
			<url>http://synd.cricbuzz.com/archive/2015_WC/PAK_RSA_MAR07/gph_wag_12883_3_8301_Rahat_Ali.png</url>
	</graph>
	<graph>
		<id>wag_7621</id>
		<name>Mohammad Irfan</name>
			<url>http://synd.cricbuzz.com/archive/2015_WC/PAK_RSA_MAR07/gph_wag_12883_3_7621_Irfan.png</url>
	</graph>
			</team>
			<team>
				<name>South Africa</name>
	<graph>
		<id>wag_8520</id>
		<name>Quinton de Kock</name>
			<url>http://synd.cricbuzz.com/archive/2015_WC/PAK_RSA_MAR07/gph_wag_12883_11_8520_de_Kock.png</url>
	</graph>
	<graph>
		<id>wag_314</id>
		<name>Hashim Amla</name>
			<url>http://synd.cricbuzz.com/archive/2015_WC/PAK_RSA_MAR07/gph_wag_12883_11_314_Amla.png</url>
	</graph>
	<graph>
		<id>wag_7825</id>
		<name>Faf du Plessis</name>
			<url>http://synd.cricbuzz.com/archive/2015_WC/PAK_RSA_MAR07/gph_wag_12883_11_7825_du_Plessis.png</url>
	</graph>
	<graph>
		<id>wag_2244</id>
		<name>Rilee Rossouw</name>
			<url>http://synd.cricbuzz.com/archive/2015_WC/PAK_RSA_MAR07/gph_wag_12883_11_2244_R_Rossouw.png</url>
	</graph>
	<graph>
		<id>wag_370</id>
		<name>AB de Villiers</name>
			<url>http://synd.cricbuzz.com/archive/2015_WC/PAK_RSA_MAR07/gph_wag_12883_11_370_de_Villiers.png</url>
	</graph>
	<graph>
		<id>wag_6349</id>
		<name>David Miller</name>
			<url>http://synd.cricbuzz.com/archive/2015_WC/PAK_RSA_MAR07/gph_wag_12883_11_6349_D_Miller.png</url>
	</graph>
	<graph>
		<id>wag_211</id>
		<name>Jean-Paul Duminy</name>
			<url>http://synd.cricbuzz.com/archive/2015_WC/PAK_RSA_MAR07/gph_wag_12883_11_211_Duminy.png</url>
	</graph>
	<graph>
		<id>wag_508</id>
		<name>Dale Steyn</name>
			<url>http://synd.cricbuzz.com/archive/2015_WC/PAK_RSA_MAR07/gph_wag_12883_11_508_Steyn.png</url>
	</graph>
	<graph>
		<id>wag_9203</id>
		<name>Kyle Abbott</name>
			<url>http://synd.cricbuzz.com/archive/2015_WC/PAK_RSA_MAR07/gph_wag_12883_11_9203_Kyle_Abbott.png</url>
	</graph>
	<graph>
		<id>wag_608</id>
		<name>Morne Morkel</name>
			<url>http://synd.cricbuzz.com/archive/2015_WC/PAK_RSA_MAR07/gph_wag_12883_11_608_M_Morkel.png</url>
	</graph>
	<graph>
		<id>wag_6667</id>
		<name>Imran Tahir</name>
			<url>http://synd.cricbuzz.com/archive/2015_WC/PAK_RSA_MAR07/gph_wag_12883_11_6667_Tahir.png</url>
	</graph>
			</team>
		</wagon-wheels>
</graphs>

