<graphs>
		<match-graphs>
	<graph>
		<id>mhtn_1</id>
		<name>Manhattan</name>
			<url>http://synd.cricbuzz.com/archive/2015_WC/AUS_IND_MAR26/gph_mhtn_team_1.png</url>
			<url>http://synd.cricbuzz.com/archive/2015_WC/AUS_IND_MAR26/gph_mhtn_team_2.png</url>
	</graph>
	<graph>
		<id>rrate</id>
		<name>Run Rate Graph</name>
			<url>http://synd.cricbuzz.com/archive/2015_WC/AUS_IND_MAR26/gph_rrate.png</url>
	</graph>
	<graph>
		<id>rprog</id>
		<name>Run Progression Graph</name>
			<url>http://synd.cricbuzz.com/archive/2015_WC/AUS_IND_MAR26/gph_rprog.png</url>
	</graph>
	<graph>
		<id>prtn_1</id>
		<name>Partnership</name>
			<url>http://synd.cricbuzz.com/archive/2015_WC/AUS_IND_MAR26/gph_prtn_team_1.png</url>
			<url>http://synd.cricbuzz.com/archive/2015_WC/AUS_IND_MAR26/gph_prtn_team_2.png</url>
	</graph>
		</match-graphs>
		<wagon-wheels>
			<team>
				<name>Australia</name>
	<graph>
		<id>wag_1643</id>
		<name>Aaron Finch</name>
			<url>http://synd.cricbuzz.com/archive/2015_WC/AUS_IND_MAR26/gph_wag_12902_4_1643_Finch.png</url>
	</graph>
	<graph>
		<id>wag_1739</id>
		<name>David Warner</name>
			<url>http://synd.cricbuzz.com/archive/2015_WC/AUS_IND_MAR26/gph_wag_12902_4_1739_Warner.png</url>
	</graph>
	<graph>
		<id>wag_2250</id>
		<name>Steven Smith</name>
			<url>http://synd.cricbuzz.com/archive/2015_WC/AUS_IND_MAR26/gph_wag_12902_4_2250_S_Smith.png</url>
	</graph>
	<graph>
		<id>wag_7662</id>
		<name>Glenn Maxwell</name>
			<url>http://synd.cricbuzz.com/archive/2015_WC/AUS_IND_MAR26/gph_wag_12902_4_7662_Maxwell.png</url>
	</graph>
	<graph>
		<id>wag_158</id>
		<name>Shane Watson</name>
			<url>http://synd.cricbuzz.com/archive/2015_WC/AUS_IND_MAR26/gph_wag_12902_4_158_Watson.png</url>
	</graph>
	<graph>
		<id>wag_138</id>
		<name>Michael Clarke</name>
			<url>http://synd.cricbuzz.com/archive/2015_WC/AUS_IND_MAR26/gph_wag_12902_4_138_Clarke.png</url>
	</graph>
	<graph>
		<id>wag_7789</id>
		<name>James Faulkner</name>
			<url>http://synd.cricbuzz.com/archive/2015_WC/AUS_IND_MAR26/gph_wag_12902_4_7789_Faulkner.png</url>
	</graph>
	<graph>
		<id>wag_159</id>
		<name>Brad Haddin</name>
			<url>http://synd.cricbuzz.com/archive/2015_WC/AUS_IND_MAR26/gph_wag_12902_4_159_Haddin.png</url>
	</graph>
	<graph>
		<id>wag_496</id>
		<name>Mitchell Johnson</name>
			<url>http://synd.cricbuzz.com/archive/2015_WC/AUS_IND_MAR26/gph_wag_12902_4_496_Johnson.png</url>
	</graph>
			</team>
			<team>
				<name>India</name>
	<graph>
		<id>wag_576</id>
		<name>Rohit Sharma</name>
			<url>http://synd.cricbuzz.com/archive/2015_WC/AUS_IND_MAR26/gph_wag_12902_2_576_Rohit.png</url>
	</graph>
	<graph>
		<id>wag_1446</id>
		<name>Shikhar Dhawan</name>
			<url>http://synd.cricbuzz.com/archive/2015_WC/AUS_IND_MAR26/gph_wag_12902_2_1446_Dhawan.png</url>
	</graph>
	<graph>
		<id>wag_1413</id>
		<name>Virat Kohli</name>
			<url>http://synd.cricbuzz.com/archive/2015_WC/AUS_IND_MAR26/gph_wag_12902_2_1413_Kohli.png</url>
	</graph>
	<graph>
		<id>wag_1447</id>
		<name>Ajinkya Rahane</name>
			<url>http://synd.cricbuzz.com/archive/2015_WC/AUS_IND_MAR26/gph_wag_12902_2_1447_A_Rahane.png</url>
	</graph>
	<graph>
		<id>wag_413</id>
		<name>Suresh Raina</name>
			<url>http://synd.cricbuzz.com/archive/2015_WC/AUS_IND_MAR26/gph_wag_12902_2_413_Raina.png</url>
	</graph>
	<graph>
		<id>wag_265</id>
		<name>MS Dhoni</name>
			<url>http://synd.cricbuzz.com/archive/2015_WC/AUS_IND_MAR26/gph_wag_12902_2_265_Dhoni.png</url>
	</graph>
	<graph>
		<id>wag_587</id>
		<name>Ravindra Jadeja</name>
			<url>http://synd.cricbuzz.com/archive/2015_WC/AUS_IND_MAR26/gph_wag_12902_2_587_R_Jadeja.png</url>
	</graph>
	<graph>
		<id>wag_1593</id>
		<name>Ravichandran Ashwin</name>
			<url>http://synd.cricbuzz.com/archive/2015_WC/AUS_IND_MAR26/gph_wag_12902_2_1593_Ashwin.png</url>
	</graph>
	<graph>
		<id>wag_7909</id>
		<name>Mohammed Shami</name>
			<url>http://synd.cricbuzz.com/archive/2015_WC/AUS_IND_MAR26/gph_wag_12902_2_7909_Shami.png</url>
	</graph>
	<graph>
		<id>wag_8181</id>
		<name>Mohit Sharma</name>
			<url>http://synd.cricbuzz.com/archive/2015_WC/AUS_IND_MAR26/gph_wag_12902_2_8181_Mohit_Sharma.png</url>
	</graph>
	<graph>
		<id>wag_1858</id>
		<name>Umesh Yadav</name>
			<url>http://synd.cricbuzz.com/archive/2015_WC/AUS_IND_MAR26/gph_wag_12902_2_1858_Umesh.png</url>
	</graph>
			</team>
		</wagon-wheels>
</graphs>

