<graphs>
		<match-graphs>
	<graph>
		<id>mhtn_1</id>
		<name>Manhattan</name>
			<url>http://synd.cricbuzz.com/archive/2015_WC/NZ_RSA_MAR24/gph_mhtn_team_1.png</url>
			<url>http://synd.cricbuzz.com/archive/2015_WC/NZ_RSA_MAR24/gph_mhtn_team_2.png</url>
	</graph>
	<graph>
		<id>rrate</id>
		<name>Run Rate Graph</name>
			<url>http://synd.cricbuzz.com/archive/2015_WC/NZ_RSA_MAR24/gph_rrate.png</url>
	</graph>
	<graph>
		<id>rprog</id>
		<name>Run Progression Graph</name>
			<url>http://synd.cricbuzz.com/archive/2015_WC/NZ_RSA_MAR24/gph_rprog.png</url>
	</graph>
	<graph>
		<id>prtn_1</id>
		<name>Partnership</name>
			<url>http://synd.cricbuzz.com/archive/2015_WC/NZ_RSA_MAR24/gph_prtn_team_1.png</url>
			<url>http://synd.cricbuzz.com/archive/2015_WC/NZ_RSA_MAR24/gph_prtn_team_2.png</url>
	</graph>
		</match-graphs>
		<wagon-wheels>
			<team>
				<name>New Zealand</name>
	<graph>
		<id>wag_1457</id>
		<name>Martin Guptill</name>
			<url>http://synd.cricbuzz.com/archive/2015_WC/NZ_RSA_MAR24/gph_wag_12901_13_1457_M_Guptill.png</url>
	</graph>
	<graph>
		<id>wag_201</id>
		<name>Brendon McCullum</name>
			<url>http://synd.cricbuzz.com/archive/2015_WC/NZ_RSA_MAR24/gph_wag_12901_13_201_B_McCullum.png</url>
	</graph>
	<graph>
		<id>wag_6326</id>
		<name>Kane Williamson</name>
			<url>http://synd.cricbuzz.com/archive/2015_WC/NZ_RSA_MAR24/gph_wag_12901_13_6326_Williamson.png</url>
	</graph>
	<graph>
		<id>wag_521</id>
		<name>Ross Taylor</name>
			<url>http://synd.cricbuzz.com/archive/2015_WC/NZ_RSA_MAR24/gph_wag_12901_13_521_Ross_Taylor.png</url>
	</graph>
	<graph>
		<id>wag_1064</id>
		<name>Grant Elliott</name>
			<url>http://synd.cricbuzz.com/archive/2015_WC/NZ_RSA_MAR24/gph_wag_12901_13_1064_Elliott.png</url>
	</graph>
	<graph>
		<id>wag_8982</id>
		<name>Corey Anderson</name>
			<url>http://synd.cricbuzz.com/archive/2015_WC/NZ_RSA_MAR24/gph_wag_12901_13_8982_CJ_Anderson.png</url>
	</graph>
	<graph>
		<id>wag_1396</id>
		<name>Luke Ronchi</name>
			<url>http://synd.cricbuzz.com/archive/2015_WC/NZ_RSA_MAR24/gph_wag_12901_13_1396_Ronchi.png</url>
	</graph>
	<graph>
		<id>wag_205</id>
		<name>Daniel Vettori</name>
			<url>http://synd.cricbuzz.com/archive/2015_WC/NZ_RSA_MAR24/gph_wag_12901_13_205_Vettori.png</url>
	</graph>
			</team>
			<team>
				<name>South Africa</name>
	<graph>
		<id>wag_314</id>
		<name>Hashim Amla</name>
			<url>http://synd.cricbuzz.com/archive/2015_WC/NZ_RSA_MAR24/gph_wag_12901_11_314_Amla.png</url>
	</graph>
	<graph>
		<id>wag_8520</id>
		<name>Quinton de Kock</name>
			<url>http://synd.cricbuzz.com/archive/2015_WC/NZ_RSA_MAR24/gph_wag_12901_11_8520_de_Kock.png</url>
	</graph>
	<graph>
		<id>wag_7825</id>
		<name>Faf du Plessis</name>
			<url>http://synd.cricbuzz.com/archive/2015_WC/NZ_RSA_MAR24/gph_wag_12901_11_7825_du_Plessis.png</url>
	</graph>
	<graph>
		<id>wag_2244</id>
		<name>Rilee Rossouw</name>
			<url>http://synd.cricbuzz.com/archive/2015_WC/NZ_RSA_MAR24/gph_wag_12901_11_2244_R_Rossouw.png</url>
	</graph>
	<graph>
		<id>wag_370</id>
		<name>AB de Villiers</name>
			<url>http://synd.cricbuzz.com/archive/2015_WC/NZ_RSA_MAR24/gph_wag_12901_11_370_de_Villiers.png</url>
	</graph>
	<graph>
		<id>wag_6349</id>
		<name>David Miller</name>
			<url>http://synd.cricbuzz.com/archive/2015_WC/NZ_RSA_MAR24/gph_wag_12901_11_6349_D_Miller.png</url>
	</graph>
	<graph>
		<id>wag_211</id>
		<name>Jean-Paul Duminy</name>
			<url>http://synd.cricbuzz.com/archive/2015_WC/NZ_RSA_MAR24/gph_wag_12901_11_211_Duminy.png</url>
	</graph>
			</team>
		</wagon-wheels>
</graphs>

