<graphs>
		<match-graphs>
	<graph>
		<id>mhtn_1</id>
		<name>Manhattan</name>
			<url>http://synd.cricbuzz.com/archive/2015_WC/UAE_ZIM_FEB19/gph_mhtn_team_1.png</url>
			<url>http://synd.cricbuzz.com/archive/2015_WC/UAE_ZIM_FEB19/gph_mhtn_team_2.png</url>
	</graph>
	<graph>
		<id>rrate</id>
		<name>Run Rate Graph</name>
			<url>http://synd.cricbuzz.com/archive/2015_WC/UAE_ZIM_FEB19/gph_rrate.png</url>
	</graph>
	<graph>
		<id>rprog</id>
		<name>Run Progression Graph</name>
			<url>http://synd.cricbuzz.com/archive/2015_WC/UAE_ZIM_FEB19/gph_rprog.png</url>
	</graph>
	<graph>
		<id>prtn_1</id>
		<name>Partnership</name>
			<url>http://synd.cricbuzz.com/archive/2015_WC/UAE_ZIM_FEB19/gph_prtn_team_1.png</url>
			<url>http://synd.cricbuzz.com/archive/2015_WC/UAE_ZIM_FEB19/gph_prtn_team_2.png</url>
	</graph>
		</match-graphs>
		<wagon-wheels>
			<team>
				<name>United Arab Emirates</name>
	<graph>
		<id>wag_1365</id>
		<name>Amjad Ali</name>
			<url>http://synd.cricbuzz.com/archive/2015_WC/UAE_ZIM_FEB19/gph_wag_12862_7_1365_Amjad_Ali.png</url>
	</graph>
	<graph>
		<id>wag_10124</id>
		<name>Andri Berenger</name>
			<url>http://synd.cricbuzz.com/archive/2015_WC/UAE_ZIM_FEB19/gph_wag_12862_7_10124_Andri_Berenger.png</url>
	</graph>
	<graph>
		<id>wag_10041</id>
		<name>Krishnachandran Karate</name>
			<url>http://synd.cricbuzz.com/archive/2015_WC/UAE_ZIM_FEB19/gph_wag_12862_7_10041_Karate.png</url>
	</graph>
	<graph>
		<id>wag_81</id>
		<name>Khurram Khan</name>
			<url>http://synd.cricbuzz.com/archive/2015_WC/UAE_ZIM_FEB19/gph_wag_12862_7_81_K_Khan.png</url>
	</graph>
	<graph>
		<id>wag_9834</id>
		<name>Swapnil Patil</name>
			<url>http://synd.cricbuzz.com/archive/2015_WC/UAE_ZIM_FEB19/gph_wag_12862_7_9834_Swapnil_Patil.png</url>
	</graph>
	<graph>
		<id>wag_9837</id>
		<name>Shaiman Anwar</name>
			<url>http://synd.cricbuzz.com/archive/2015_WC/UAE_ZIM_FEB19/gph_wag_12862_7_9837_Shaiman_Anwar.png</url>
	</graph>
	<graph>
		<id>wag_9835</id>
		<name>Rohan Mustafa</name>
			<url>http://synd.cricbuzz.com/archive/2015_WC/UAE_ZIM_FEB19/gph_wag_12862_7_9835_Rohan_Mustafa.png</url>
	</graph>
	<graph>
		<id>wag_1366</id>
		<name>Amjad Javed</name>
			<url>http://synd.cricbuzz.com/archive/2015_WC/UAE_ZIM_FEB19/gph_wag_12862_7_1366_A_Javed.png</url>
	</graph>
	<graph>
		<id>wag_9832</id>
		<name>Mohammad Naveed</name>
			<url>http://synd.cricbuzz.com/archive/2015_WC/UAE_ZIM_FEB19/gph_wag_12862_7_9832_Naveed.png</url>
	</graph>
			</team>
			<team>
				<name>Zimbabwe</name>
	<graph>
		<id>wag_9354</id>
		<name>Sikandar Raza</name>
			<url>http://synd.cricbuzz.com/archive/2015_WC/UAE_ZIM_FEB19/gph_wag_12862_12_9354_S_Raza.png</url>
	</graph>
	<graph>
		<id>wag_781</id>
		<name>Regis Chakabva</name>
			<url>http://synd.cricbuzz.com/archive/2015_WC/UAE_ZIM_FEB19/gph_wag_12862_12_781_Chakabva.png</url>
	</graph>
	<graph>
		<id>wag_425</id>
		<name>Hamilton Masakadza</name>
			<url>http://synd.cricbuzz.com/archive/2015_WC/UAE_ZIM_FEB19/gph_wag_12862_12_425_H_Masakadza.png</url>
	</graph>
	<graph>
		<id>wag_180</id>
		<name>Brendan Taylor</name>
			<url>http://synd.cricbuzz.com/archive/2015_WC/UAE_ZIM_FEB19/gph_wag_12862_12_180_Brendan_Taylor.png</url>
	</graph>
	<graph>
		<id>wag_441</id>
		<name>Sean Williams</name>
			<url>http://synd.cricbuzz.com/archive/2015_WC/UAE_ZIM_FEB19/gph_wag_12862_12_441_Sean_Williams.png</url>
	</graph>
	<graph>
		<id>wag_9737</id>
		<name>Solomon Mire</name>
			<url>http://synd.cricbuzz.com/archive/2015_WC/UAE_ZIM_FEB19/gph_wag_12862_12_9737_Solomon_Mire.png</url>
	</graph>
	<graph>
		<id>wag_6334</id>
		<name>Craig Ervine</name>
			<url>http://synd.cricbuzz.com/archive/2015_WC/UAE_ZIM_FEB19/gph_wag_12862_12_6334_C_Ervine.png</url>
	</graph>
	<graph>
		<id>wag_170</id>
		<name>Elton Chigumbura</name>
			<url>http://synd.cricbuzz.com/archive/2015_WC/UAE_ZIM_FEB19/gph_wag_12862_12_170_Chigumbura.png</url>
	</graph>
			</team>
		</wagon-wheels>
</graphs>

