<graphs>
		<match-graphs>
	<graph>
		<id>mhtn_1</id>
		<name>Manhattan</name>
			<url>http://synd.cricbuzz.com/archive/2015_WC/IRE_PAK_MAR15/gph_mhtn_team_1.png</url>
			<url>http://synd.cricbuzz.com/archive/2015_WC/IRE_PAK_MAR15/gph_mhtn_team_2.png</url>
	</graph>
	<graph>
		<id>rrate</id>
		<name>Run Rate Graph</name>
			<url>http://synd.cricbuzz.com/archive/2015_WC/IRE_PAK_MAR15/gph_rrate.png</url>
	</graph>
	<graph>
		<id>rprog</id>
		<name>Run Progression Graph</name>
			<url>http://synd.cricbuzz.com/archive/2015_WC/IRE_PAK_MAR15/gph_rprog.png</url>
	</graph>
	<graph>
		<id>prtn_1</id>
		<name>Partnership</name>
			<url>http://synd.cricbuzz.com/archive/2015_WC/IRE_PAK_MAR15/gph_prtn_team_1.png</url>
			<url>http://synd.cricbuzz.com/archive/2015_WC/IRE_PAK_MAR15/gph_prtn_team_2.png</url>
	</graph>
		</match-graphs>
		<wagon-wheels>
			<team>
				<name>Pakistan</name>
	<graph>
		<id>wag_1787</id>
		<name>Ahmed Shehzad</name>
			<url>http://synd.cricbuzz.com/archive/2015_WC/IRE_PAK_MAR15/gph_wag_12896_3_1787_Ahmed_Shehzad.png</url>
	</graph>
	<graph>
		<id>wag_881</id>
		<name>Sarfraz Ahmed</name>
			<url>http://synd.cricbuzz.com/archive/2015_WC/IRE_PAK_MAR15/gph_wag_12896_3_881_S_Ahmed.png</url>
	</graph>
	<graph>
		<id>wag_8299</id>
		<name>Haris Sohail</name>
			<url>http://synd.cricbuzz.com/archive/2015_WC/IRE_PAK_MAR15/gph_wag_12896_3_8299_H_Sohail.png</url>
	</graph>
	<graph>
		<id>wag_274</id>
		<name>Misbah-ul-Haq</name>
			<url>http://synd.cricbuzz.com/archive/2015_WC/IRE_PAK_MAR15/gph_wag_12896_3_274_Misbah.png</url>
	</graph>
	<graph>
		<id>wag_1992</id>
		<name>Umar Akmal</name>
			<url>http://synd.cricbuzz.com/archive/2015_WC/IRE_PAK_MAR15/gph_wag_12896_3_1992_U_Akmal.png</url>
	</graph>
			</team>
			<team>
				<name>Ireland</name>
	<graph>
		<id>wag_625</id>
		<name>William Porterfield</name>
			<url>http://synd.cricbuzz.com/archive/2015_WC/IRE_PAK_MAR15/gph_wag_12896_27_625_Porterfield.png</url>
	</graph>
	<graph>
		<id>wag_1114</id>
		<name>Paul Stirling</name>
			<url>http://synd.cricbuzz.com/archive/2015_WC/IRE_PAK_MAR15/gph_wag_12896_27_1114_Stirling.png</url>
	</graph>
	<graph>
		<id>wag_540</id>
		<name>Ed Joyce</name>
			<url>http://synd.cricbuzz.com/archive/2015_WC/IRE_PAK_MAR15/gph_wag_12896_27_540_Ed_Joyce.png</url>
	</graph>
	<graph>
		<id>wag_691</id>
		<name>Niall O'Brien</name>
			<url>http://synd.cricbuzz.com/archive/2015_WC/IRE_PAK_MAR15/gph_wag_12896_27_691_N_O'Brien.png</url>
	</graph>
	<graph>
		<id>wag_6710</id>
		<name>Andrew Balbirnie</name>
			<url>http://synd.cricbuzz.com/archive/2015_WC/IRE_PAK_MAR15/gph_wag_12896_27_6710_Balbirnie.png</url>
	</graph>
	<graph>
		<id>wag_739</id>
		<name>Gary Wilson</name>
			<url>http://synd.cricbuzz.com/archive/2015_WC/IRE_PAK_MAR15/gph_wag_12896_27_739_G_Wilson.png</url>
	</graph>
	<graph>
		<id>wag_690</id>
		<name>Kevin O'Brien</name>
			<url>http://synd.cricbuzz.com/archive/2015_WC/IRE_PAK_MAR15/gph_wag_12896_27_690_K_O'Brien.png</url>
	</graph>
	<graph>
		<id>wag_7985</id>
		<name>Stuart Thompson</name>
			<url>http://synd.cricbuzz.com/archive/2015_WC/IRE_PAK_MAR15/gph_wag_12896_27_7985_S_Thompson.png</url>
	</graph>
	<graph>
		<id>wag_622</id>
		<name>John Mooney</name>
			<url>http://synd.cricbuzz.com/archive/2015_WC/IRE_PAK_MAR15/gph_wag_12896_27_622_J_Mooney.png</url>
	</graph>
	<graph>
		<id>wag_6329</id>
		<name>George Dockrell</name>
			<url>http://synd.cricbuzz.com/archive/2015_WC/IRE_PAK_MAR15/gph_wag_12896_27_6329_Dockrell.png</url>
	</graph>
	<graph>
		<id>wag_735</id>
		<name>Alex Cusack</name>
			<url>http://synd.cricbuzz.com/archive/2015_WC/IRE_PAK_MAR15/gph_wag_12896_27_735_Cusack.png</url>
	</graph>
			</team>
		</wagon-wheels>
</graphs>

