<graphs>
		<match-graphs>
	<graph>
		<id>mhtn_1</id>
		<name>Manhattan</name>
			<url>http://synd.cricbuzz.com/archive/2015_WC/RSA_WI_FEB27/gph_mhtn_team_1.png</url>
			<url>http://synd.cricbuzz.com/archive/2015_WC/RSA_WI_FEB27/gph_mhtn_team_2.png</url>
	</graph>
	<graph>
		<id>rrate</id>
		<name>Run Rate Graph</name>
			<url>http://synd.cricbuzz.com/archive/2015_WC/RSA_WI_FEB27/gph_rrate.png</url>
	</graph>
	<graph>
		<id>rprog</id>
		<name>Run Progression Graph</name>
			<url>http://synd.cricbuzz.com/archive/2015_WC/RSA_WI_FEB27/gph_rprog.png</url>
	</graph>
	<graph>
		<id>prtn_1</id>
		<name>Partnership</name>
			<url>http://synd.cricbuzz.com/archive/2015_WC/RSA_WI_FEB27/gph_prtn_team_1.png</url>
			<url>http://synd.cricbuzz.com/archive/2015_WC/RSA_WI_FEB27/gph_prtn_team_2.png</url>
	</graph>
		</match-graphs>
		<wagon-wheels>
			<team>
				<name>West Indies</name>
	<graph>
		<id>wag_255</id>
		<name>Dwayne Smith</name>
			<url>http://synd.cricbuzz.com/archive/2015_WC/RSA_WI_FEB27/gph_wag_12873_10_255_Dwayne_Smith.png</url>
	</graph>
	<graph>
		<id>wag_247</id>
		<name>Chris Gayle</name>
			<url>http://synd.cricbuzz.com/archive/2015_WC/RSA_WI_FEB27/gph_wag_12873_10_247_Gayle.png</url>
	</graph>
	<graph>
		<id>wag_356</id>
		<name>Marlon Samuels</name>
			<url>http://synd.cricbuzz.com/archive/2015_WC/RSA_WI_FEB27/gph_wag_12873_10_356_Samuels.png</url>
	</graph>
	<graph>
		<id>wag_8314</id>
		<name>Jonathan Carter</name>
			<url>http://synd.cricbuzz.com/archive/2015_WC/RSA_WI_FEB27/gph_wag_12873_10_8314_J_Carter.png</url>
	</graph>
	<graph>
		<id>wag_399</id>
		<name>Denesh Ramdin</name>
			<url>http://synd.cricbuzz.com/archive/2015_WC/RSA_WI_FEB27/gph_wag_12873_10_399_Ramdin.png</url>
	</graph>
	<graph>
		<id>wag_599</id>
		<name>Lendl Simmons</name>
			<url>http://synd.cricbuzz.com/archive/2015_WC/RSA_WI_FEB27/gph_wag_12873_10_599_L_Simmons.png</url>
	</graph>
	<graph>
		<id>wag_253</id>
		<name>Darren Sammy</name>
			<url>http://synd.cricbuzz.com/archive/2015_WC/RSA_WI_FEB27/gph_wag_12873_10_253_Sammy.png</url>
	</graph>
	<graph>
		<id>wag_7736</id>
		<name>Andre Russell</name>
			<url>http://synd.cricbuzz.com/archive/2015_WC/RSA_WI_FEB27/gph_wag_12873_10_7736_A_Russell.png</url>
	</graph>
	<graph>
		<id>wag_8313</id>
		<name>Jason Holder</name>
			<url>http://synd.cricbuzz.com/archive/2015_WC/RSA_WI_FEB27/gph_wag_12873_10_8313_J_Holder.png</url>
	</graph>
	<graph>
		<id>wag_379</id>
		<name>Jerome Taylor</name>
			<url>http://synd.cricbuzz.com/archive/2015_WC/RSA_WI_FEB27/gph_wag_12873_10_379_Jerome_Taylor.png</url>
	</graph>
	<graph>
		<id>wag_1117</id>
		<name>Sulieman Benn</name>
			<url>http://synd.cricbuzz.com/archive/2015_WC/RSA_WI_FEB27/gph_wag_12873_10_1117_S_Benn.png</url>
	</graph>
			</team>
			<team>
				<name>South Africa</name>
	<graph>
		<id>wag_8520</id>
		<name>Quinton de Kock</name>
			<url>http://synd.cricbuzz.com/archive/2015_WC/RSA_WI_FEB27/gph_wag_12873_11_8520_de_Kock.png</url>
	</graph>
	<graph>
		<id>wag_314</id>
		<name>Hashim Amla</name>
			<url>http://synd.cricbuzz.com/archive/2015_WC/RSA_WI_FEB27/gph_wag_12873_11_314_Amla.png</url>
	</graph>
	<graph>
		<id>wag_7825</id>
		<name>Faf du Plessis</name>
			<url>http://synd.cricbuzz.com/archive/2015_WC/RSA_WI_FEB27/gph_wag_12873_11_7825_du_Plessis.png</url>
	</graph>
	<graph>
		<id>wag_2244</id>
		<name>Rilee Rossouw</name>
			<url>http://synd.cricbuzz.com/archive/2015_WC/RSA_WI_FEB27/gph_wag_12873_11_2244_R_Rossouw.png</url>
	</graph>
	<graph>
		<id>wag_370</id>
		<name>AB de Villiers</name>
			<url>http://synd.cricbuzz.com/archive/2015_WC/RSA_WI_FEB27/gph_wag_12873_11_370_de_Villiers.png</url>
	</graph>
	<graph>
		<id>wag_6349</id>
		<name>David Miller</name>
			<url>http://synd.cricbuzz.com/archive/2015_WC/RSA_WI_FEB27/gph_wag_12873_11_6349_D_Miller.png</url>
	</graph>
	<graph>
		<id>wag_8283</id>
		<name>Farhaan Behardien</name>
			<url>http://synd.cricbuzz.com/archive/2015_WC/RSA_WI_FEB27/gph_wag_12873_11_8283_F_Behardien.png</url>
	</graph>
			</team>
		</wagon-wheels>
</graphs>

