<graphs>
		<match-graphs>
	<graph>
		<id>mhtn_1</id>
		<name>Manhattan</name>
			<url>http://synd.cricbuzz.com/archive/2015_WC/NZ_SCO_FEB17/gph_mhtn_team_1.png</url>
			<url>http://synd.cricbuzz.com/archive/2015_WC/NZ_SCO_FEB17/gph_mhtn_team_2.png</url>
	</graph>
	<graph>
		<id>rrate</id>
		<name>Run Rate Graph</name>
			<url>http://synd.cricbuzz.com/archive/2015_WC/NZ_SCO_FEB17/gph_rrate.png</url>
	</graph>
	<graph>
		<id>rprog</id>
		<name>Run Progression Graph</name>
			<url>http://synd.cricbuzz.com/archive/2015_WC/NZ_SCO_FEB17/gph_rprog.png</url>
	</graph>
	<graph>
		<id>prtn_1</id>
		<name>Partnership</name>
			<url>http://synd.cricbuzz.com/archive/2015_WC/NZ_SCO_FEB17/gph_prtn_team_1.png</url>
			<url>http://synd.cricbuzz.com/archive/2015_WC/NZ_SCO_FEB17/gph_prtn_team_2.png</url>
	</graph>
		</match-graphs>
		<wagon-wheels>
			<team>
				<name>Scotland</name>
	<graph>
		<id>wag_1415</id>
		<name>Kyle Coetzer</name>
			<url>http://synd.cricbuzz.com/archive/2015_WC/NZ_SCO_FEB17/gph_wag_12860_23_1415_K_Coetzer.png</url>
	</graph>
	<graph>
		<id>wag_1416</id>
		<name>Calum MacLeod</name>
			<url>http://synd.cricbuzz.com/archive/2015_WC/NZ_SCO_FEB17/gph_wag_12860_23_1416_C_MacLeod.png</url>
	</graph>
	<graph>
		<id>wag_9523</id>
		<name>Hamish Gardiner</name>
			<url>http://synd.cricbuzz.com/archive/2015_WC/NZ_SCO_FEB17/gph_wag_12860_23_9523_H_Gardiner.png</url>
	</graph>
	<graph>
		<id>wag_6565</id>
		<name>Matt Machan</name>
			<url>http://synd.cricbuzz.com/archive/2015_WC/NZ_SCO_FEB17/gph_wag_12860_23_6565_M_Machan.png</url>
	</graph>
	<graph>
		<id>wag_1398</id>
		<name>Richie Berrington</name>
			<url>http://synd.cricbuzz.com/archive/2015_WC/NZ_SCO_FEB17/gph_wag_12860_23_1398_R_Berrington.png</url>
	</graph>
	<graph>
		<id>wag_9365</id>
		<name>Matthew Cross</name>
			<url>http://synd.cricbuzz.com/archive/2015_WC/NZ_SCO_FEB17/gph_wag_12860_23_9365_M_Cross.png</url>
	</graph>
	<graph>
		<id>wag_6657</id>
		<name>Josh Davey</name>
			<url>http://synd.cricbuzz.com/archive/2015_WC/NZ_SCO_FEB17/gph_wag_12860_23_6657_J_Davey.png</url>
	</graph>
	<graph>
		<id>wag_8327</id>
		<name>Rob Taylor</name>
			<url>http://synd.cricbuzz.com/archive/2015_WC/NZ_SCO_FEB17/gph_wag_12860_23_8327_R_Taylor.png</url>
	</graph>
	<graph>
		<id>wag_646</id>
		<name>Majid Haq</name>
			<url>http://synd.cricbuzz.com/archive/2015_WC/NZ_SCO_FEB17/gph_wag_12860_23_646_M_Haq.png</url>
	</graph>
	<graph>
		<id>wag_8423</id>
		<name>Iain Wardlaw</name>
			<url>http://synd.cricbuzz.com/archive/2015_WC/NZ_SCO_FEB17/gph_wag_12860_23_8423_Iain_Wardlaw.png</url>
	</graph>
			</team>
			<team>
				<name>New Zealand</name>
	<graph>
		<id>wag_1457</id>
		<name>Martin Guptill</name>
			<url>http://synd.cricbuzz.com/archive/2015_WC/NZ_SCO_FEB17/gph_wag_12860_13_1457_M_Guptill.png</url>
	</graph>
	<graph>
		<id>wag_201</id>
		<name>Brendon McCullum</name>
			<url>http://synd.cricbuzz.com/archive/2015_WC/NZ_SCO_FEB17/gph_wag_12860_13_201_B_McCullum.png</url>
	</graph>
	<graph>
		<id>wag_6326</id>
		<name>Kane Williamson</name>
			<url>http://synd.cricbuzz.com/archive/2015_WC/NZ_SCO_FEB17/gph_wag_12860_13_6326_Williamson.png</url>
	</graph>
	<graph>
		<id>wag_521</id>
		<name>Ross Taylor</name>
			<url>http://synd.cricbuzz.com/archive/2015_WC/NZ_SCO_FEB17/gph_wag_12860_13_521_Ross_Taylor.png</url>
	</graph>
	<graph>
		<id>wag_1064</id>
		<name>Grant Elliott</name>
			<url>http://synd.cricbuzz.com/archive/2015_WC/NZ_SCO_FEB17/gph_wag_12860_13_1064_Elliott.png</url>
	</graph>
	<graph>
		<id>wag_8982</id>
		<name>Corey Anderson</name>
			<url>http://synd.cricbuzz.com/archive/2015_WC/NZ_SCO_FEB17/gph_wag_12860_13_8982_CJ_Anderson.png</url>
	</graph>
	<graph>
		<id>wag_1396</id>
		<name>Luke Ronchi</name>
			<url>http://synd.cricbuzz.com/archive/2015_WC/NZ_SCO_FEB17/gph_wag_12860_13_1396_Ronchi.png</url>
	</graph>
	<graph>
		<id>wag_205</id>
		<name>Daniel Vettori</name>
			<url>http://synd.cricbuzz.com/archive/2015_WC/NZ_SCO_FEB17/gph_wag_12860_13_205_Vettori.png</url>
	</graph>
	<graph>
		<id>wag_7625</id>
		<name>Adam Milne</name>
			<url>http://synd.cricbuzz.com/archive/2015_WC/NZ_SCO_FEB17/gph_wag_12860_13_7625_Milne.png</url>
	</graph>
			</team>
		</wagon-wheels>
</graphs>

