<graphs>
		<match-graphs>
	<graph>
		<id>mhtn_1</id>
		<name>Manhattan</name>
			<url>http://synd.cricbuzz.com/archive/2015_WC/WI_UAE_MAR15/gph_mhtn_team_1.png</url>
			<url>http://synd.cricbuzz.com/archive/2015_WC/WI_UAE_MAR15/gph_mhtn_team_2.png</url>
	</graph>
	<graph>
		<id>rrate</id>
		<name>Run Rate Graph</name>
			<url>http://synd.cricbuzz.com/archive/2015_WC/WI_UAE_MAR15/gph_rrate.png</url>
	</graph>
	<graph>
		<id>rprog</id>
		<name>Run Progression Graph</name>
			<url>http://synd.cricbuzz.com/archive/2015_WC/WI_UAE_MAR15/gph_rprog.png</url>
	</graph>
	<graph>
		<id>prtn_1</id>
		<name>Partnership</name>
			<url>http://synd.cricbuzz.com/archive/2015_WC/WI_UAE_MAR15/gph_prtn_team_1.png</url>
			<url>http://synd.cricbuzz.com/archive/2015_WC/WI_UAE_MAR15/gph_prtn_team_2.png</url>
	</graph>
		</match-graphs>
		<wagon-wheels>
			<team>
				<name>West Indies</name>
	<graph>
		<id>wag_255</id>
		<name>Dwayne Smith</name>
			<url>http://synd.cricbuzz.com/archive/2015_WC/WI_UAE_MAR15/gph_wag_12895_10_255_Dwayne_Smith.png</url>
	</graph>
	<graph>
		<id>wag_8101</id>
		<name>Johnson Charles</name>
			<url>http://synd.cricbuzz.com/archive/2015_WC/WI_UAE_MAR15/gph_wag_12895_10_8101_J_Charles.png</url>
	</graph>
	<graph>
		<id>wag_356</id>
		<name>Marlon Samuels</name>
			<url>http://synd.cricbuzz.com/archive/2015_WC/WI_UAE_MAR15/gph_wag_12895_10_356_Samuels.png</url>
	</graph>
	<graph>
		<id>wag_8314</id>
		<name>Jonathan Carter</name>
			<url>http://synd.cricbuzz.com/archive/2015_WC/WI_UAE_MAR15/gph_wag_12895_10_8314_J_Carter.png</url>
	</graph>
	<graph>
		<id>wag_7736</id>
		<name>Andre Russell</name>
			<url>http://synd.cricbuzz.com/archive/2015_WC/WI_UAE_MAR15/gph_wag_12895_10_7736_A_Russell.png</url>
	</graph>
	<graph>
		<id>wag_399</id>
		<name>Denesh Ramdin</name>
			<url>http://synd.cricbuzz.com/archive/2015_WC/WI_UAE_MAR15/gph_wag_12895_10_399_Ramdin.png</url>
	</graph>
			</team>
			<team>
				<name>United Arab Emirates</name>
	<graph>
		<id>wag_1365</id>
		<name>Amjad Ali</name>
			<url>http://synd.cricbuzz.com/archive/2015_WC/WI_UAE_MAR15/gph_wag_12895_7_1365_Amjad_Ali.png</url>
	</graph>
	<graph>
		<id>wag_10124</id>
		<name>Andri Berenger</name>
			<url>http://synd.cricbuzz.com/archive/2015_WC/WI_UAE_MAR15/gph_wag_12895_7_10124_Andri_Berenger.png</url>
	</graph>
	<graph>
		<id>wag_10041</id>
		<name>Krishnachandran Karate</name>
			<url>http://synd.cricbuzz.com/archive/2015_WC/WI_UAE_MAR15/gph_wag_12895_7_10041_Karate.png</url>
	</graph>
	<graph>
		<id>wag_81</id>
		<name>Khurram Khan</name>
			<url>http://synd.cricbuzz.com/archive/2015_WC/WI_UAE_MAR15/gph_wag_12895_7_81_K_Khan.png</url>
	</graph>
	<graph>
		<id>wag_9837</id>
		<name>Shaiman Anwar</name>
			<url>http://synd.cricbuzz.com/archive/2015_WC/WI_UAE_MAR15/gph_wag_12895_7_9837_Shaiman_Anwar.png</url>
	</graph>
	<graph>
		<id>wag_9834</id>
		<name>Swapnil Patil</name>
			<url>http://synd.cricbuzz.com/archive/2015_WC/WI_UAE_MAR15/gph_wag_12895_7_9834_Swapnil_Patil.png</url>
	</graph>
	<graph>
		<id>wag_1366</id>
		<name>Amjad Javed</name>
			<url>http://synd.cricbuzz.com/archive/2015_WC/WI_UAE_MAR15/gph_wag_12895_7_1366_A_Javed.png</url>
	</graph>
	<graph>
		<id>wag_9833</id>
		<name>Nasir Aziz</name>
			<url>http://synd.cricbuzz.com/archive/2015_WC/WI_UAE_MAR15/gph_wag_12895_7_9833_Aziz.png</url>
	</graph>
	<graph>
		<id>wag_9832</id>
		<name>Mohammad Naveed</name>
			<url>http://synd.cricbuzz.com/archive/2015_WC/WI_UAE_MAR15/gph_wag_12895_7_9832_Naveed.png</url>
	</graph>
	<graph>
		<id>wag_87</id>
		<name>Mohammad Tauqir</name>
			<url>http://synd.cricbuzz.com/archive/2015_WC/WI_UAE_MAR15/gph_wag_12895_7_87_M_Tauqir.png</url>
	</graph>
	<graph>
		<id>wag_9830</id>
		<name>Manjula Guruge</name>
			<url>http://synd.cricbuzz.com/archive/2015_WC/WI_UAE_MAR15/gph_wag_12895_7_9830_Manjula_Guruge.png</url>
	</graph>
			</team>
		</wagon-wheels>
</graphs>

