<graphs>
		<match-graphs>
	<graph>
		<id>mhtn_1</id>
		<name>Manhattan</name>
			<url>http://synd.cricbuzz.com/archive/2015_WC/BAN_IND_MAR19/gph_mhtn_team_1.png</url>
			<url>http://synd.cricbuzz.com/archive/2015_WC/BAN_IND_MAR19/gph_mhtn_team_2.png</url>
	</graph>
	<graph>
		<id>rrate</id>
		<name>Run Rate Graph</name>
			<url>http://synd.cricbuzz.com/archive/2015_WC/BAN_IND_MAR19/gph_rrate.png</url>
	</graph>
	<graph>
		<id>rprog</id>
		<name>Run Progression Graph</name>
			<url>http://synd.cricbuzz.com/archive/2015_WC/BAN_IND_MAR19/gph_rprog.png</url>
	</graph>
	<graph>
		<id>prtn_1</id>
		<name>Partnership</name>
			<url>http://synd.cricbuzz.com/archive/2015_WC/BAN_IND_MAR19/gph_prtn_team_1.png</url>
			<url>http://synd.cricbuzz.com/archive/2015_WC/BAN_IND_MAR19/gph_prtn_team_2.png</url>
	</graph>
		</match-graphs>
		<wagon-wheels>
			<team>
				<name>Bangladesh</name>
	<graph>
		<id>wag_612</id>
		<name>Tamim Iqbal</name>
			<url>http://synd.cricbuzz.com/archive/2015_WC/BAN_IND_MAR19/gph_wag_12898_6_612_Tamim.png</url>
	</graph>
	<graph>
		<id>wag_1583</id>
		<name>Imrul Kayes</name>
			<url>http://synd.cricbuzz.com/archive/2015_WC/BAN_IND_MAR19/gph_wag_12898_6_1583_I_Kayes.png</url>
	</graph>
	<graph>
		<id>wag_8233</id>
		<name>Soumya Sarkar</name>
			<url>http://synd.cricbuzz.com/archive/2015_WC/BAN_IND_MAR19/gph_wag_12898_6_8233_Soumya_Sarkar.png</url>
	</graph>
	<graph>
		<id>wag_1121</id>
		<name>Mahmudullah</name>
			<url>http://synd.cricbuzz.com/archive/2015_WC/BAN_IND_MAR19/gph_wag_12898_6_1121_Mahmudullah.png</url>
	</graph>
	<graph>
		<id>wag_544</id>
		<name>Shakib Al Hasan</name>
			<url>http://synd.cricbuzz.com/archive/2015_WC/BAN_IND_MAR19/gph_wag_12898_6_544_Shakib.png</url>
	</graph>
	<graph>
		<id>wag_394</id>
		<name>Mushfiqur Rahim</name>
			<url>http://synd.cricbuzz.com/archive/2015_WC/BAN_IND_MAR19/gph_wag_12898_6_394_Rahim.png</url>
	</graph>
	<graph>
		<id>wag_8231</id>
		<name>Sabbir Rahman</name>
			<url>http://synd.cricbuzz.com/archive/2015_WC/BAN_IND_MAR19/gph_wag_12898_6_8231_S_Rahman.png</url>
	</graph>
	<graph>
		<id>wag_8018</id>
		<name>Nasir Hossain</name>
			<url>http://synd.cricbuzz.com/archive/2015_WC/BAN_IND_MAR19/gph_wag_12898_6_8018_Nasir_Hossain.png</url>
	</graph>
	<graph>
		<id>wag_323</id>
		<name>Mashrafe Mortaza</name>
			<url>http://synd.cricbuzz.com/archive/2015_WC/BAN_IND_MAR19/gph_wag_12898_6_323_Mortaza.png</url>
	</graph>
	<graph>
		<id>wag_1736</id>
		<name>Rubel Hossain</name>
			<url>http://synd.cricbuzz.com/archive/2015_WC/BAN_IND_MAR19/gph_wag_12898_6_1736_Rubel.png</url>
	</graph>
	<graph>
		<id>wag_8548</id>
		<name>Taskin Ahmed</name>
			<url>http://synd.cricbuzz.com/archive/2015_WC/BAN_IND_MAR19/gph_wag_12898_6_8548_Taskin_Ahmed.png</url>
	</graph>
			</team>
			<team>
				<name>India</name>
	<graph>
		<id>wag_576</id>
		<name>Rohit Sharma</name>
			<url>http://synd.cricbuzz.com/archive/2015_WC/BAN_IND_MAR19/gph_wag_12898_2_576_Rohit.png</url>
	</graph>
	<graph>
		<id>wag_1446</id>
		<name>Shikhar Dhawan</name>
			<url>http://synd.cricbuzz.com/archive/2015_WC/BAN_IND_MAR19/gph_wag_12898_2_1446_Dhawan.png</url>
	</graph>
	<graph>
		<id>wag_1413</id>
		<name>Virat Kohli</name>
			<url>http://synd.cricbuzz.com/archive/2015_WC/BAN_IND_MAR19/gph_wag_12898_2_1413_Kohli.png</url>
	</graph>
	<graph>
		<id>wag_1447</id>
		<name>Ajinkya Rahane</name>
			<url>http://synd.cricbuzz.com/archive/2015_WC/BAN_IND_MAR19/gph_wag_12898_2_1447_A_Rahane.png</url>
	</graph>
	<graph>
		<id>wag_413</id>
		<name>Suresh Raina</name>
			<url>http://synd.cricbuzz.com/archive/2015_WC/BAN_IND_MAR19/gph_wag_12898_2_413_Raina.png</url>
	</graph>
	<graph>
		<id>wag_265</id>
		<name>MS Dhoni</name>
			<url>http://synd.cricbuzz.com/archive/2015_WC/BAN_IND_MAR19/gph_wag_12898_2_265_Dhoni.png</url>
	</graph>
	<graph>
		<id>wag_587</id>
		<name>Ravindra Jadeja</name>
			<url>http://synd.cricbuzz.com/archive/2015_WC/BAN_IND_MAR19/gph_wag_12898_2_587_R_Jadeja.png</url>
	</graph>
	<graph>
		<id>wag_1593</id>
		<name>Ravichandran Ashwin</name>
			<url>http://synd.cricbuzz.com/archive/2015_WC/BAN_IND_MAR19/gph_wag_12898_2_1593_Ashwin.png</url>
	</graph>
			</team>
		</wagon-wheels>
</graphs>

