<graphs>
		<match-graphs>
	<graph>
		<id>mhtn_1</id>
		<name>Manhattan</name>
			<url>http://synd.cricbuzz.com/archive/2015_WC/NZ_SL_FEB14/gph_mhtn_team_1.png</url>
			<url>http://synd.cricbuzz.com/archive/2015_WC/NZ_SL_FEB14/gph_mhtn_team_2.png</url>
	</graph>
	<graph>
		<id>rrate</id>
		<name>Run Rate Graph</name>
			<url>http://synd.cricbuzz.com/archive/2015_WC/NZ_SL_FEB14/gph_rrate.png</url>
	</graph>
	<graph>
		<id>rprog</id>
		<name>Run Progression Graph</name>
			<url>http://synd.cricbuzz.com/archive/2015_WC/NZ_SL_FEB14/gph_rprog.png</url>
	</graph>
	<graph>
		<id>prtn_1</id>
		<name>Partnership</name>
			<url>http://synd.cricbuzz.com/archive/2015_WC/NZ_SL_FEB14/gph_prtn_team_1.png</url>
			<url>http://synd.cricbuzz.com/archive/2015_WC/NZ_SL_FEB14/gph_prtn_team_2.png</url>
	</graph>
		</match-graphs>
		<wagon-wheels>
			<team>
				<name>Sri Lanka</name>
	<graph>
		<id>wag_6243</id>
		<name>Lahiru Thirimanne</name>
			<url>http://synd.cricbuzz.com/archive/2015_WC/NZ_SL_FEB14/gph_wag_12855_5_6243_Thirimanne.png</url>
	</graph>
	<graph>
		<id>wag_105</id>
		<name>Tillakaratne Dilshan</name>
			<url>http://synd.cricbuzz.com/archive/2015_WC/NZ_SL_FEB14/gph_wag_12855_5_105_Dilshan.png</url>
	</graph>
	<graph>
		<id>wag_104</id>
		<name>Kumar Sangakkara</name>
			<url>http://synd.cricbuzz.com/archive/2015_WC/NZ_SL_FEB14/gph_wag_12855_5_104_Sangakkara.png</url>
	</graph>
	<graph>
		<id>wag_101</id>
		<name>Mahela Jayawardene</name>
			<url>http://synd.cricbuzz.com/archive/2015_WC/NZ_SL_FEB14/gph_wag_12855_5_101_M_Jayawardene.png</url>
	</graph>
	<graph>
		<id>wag_7952</id>
		<name>Dimuth Karunaratne</name>
			<url>http://synd.cricbuzz.com/archive/2015_WC/NZ_SL_FEB14/gph_wag_12855_5_7952_D_Karunaratne.png</url>
	</graph>
	<graph>
		<id>wag_1629</id>
		<name>Angelo Mathews</name>
			<url>http://synd.cricbuzz.com/archive/2015_WC/NZ_SL_FEB14/gph_wag_12855_5_1629_Mathews.png</url>
	</graph>
	<graph>
		<id>wag_6470</id>
		<name>Jeevan Mendis</name>
			<url>http://synd.cricbuzz.com/archive/2015_WC/NZ_SL_FEB14/gph_wag_12855_5_6470_J_Mendis.png</url>
	</graph>
	<graph>
		<id>wag_507</id>
		<name>Nuwan Kulasekara</name>
			<url>http://synd.cricbuzz.com/archive/2015_WC/NZ_SL_FEB14/gph_wag_12855_5_507_N_Kulasekara.png</url>
	</graph>
	<graph>
		<id>wag_277</id>
		<name>Rangana Herath</name>
			<url>http://synd.cricbuzz.com/archive/2015_WC/NZ_SL_FEB14/gph_wag_12855_5_277_Herath.png</url>
	</graph>
	<graph>
		<id>wag_111</id>
		<name>Lasith Malinga</name>
			<url>http://synd.cricbuzz.com/archive/2015_WC/NZ_SL_FEB14/gph_wag_12855_5_111_Malinga.png</url>
	</graph>
	<graph>
		<id>wag_1785</id>
		<name>Suranga Lakmal</name>
			<url>http://synd.cricbuzz.com/archive/2015_WC/NZ_SL_FEB14/gph_wag_12855_5_1785_Lakmal.png</url>
	</graph>
			</team>
			<team>
				<name>New Zealand</name>
	<graph>
		<id>wag_1457</id>
		<name>Martin Guptill</name>
			<url>http://synd.cricbuzz.com/archive/2015_WC/NZ_SL_FEB14/gph_wag_12855_13_1457_M_Guptill.png</url>
	</graph>
	<graph>
		<id>wag_201</id>
		<name>Brendon McCullum</name>
			<url>http://synd.cricbuzz.com/archive/2015_WC/NZ_SL_FEB14/gph_wag_12855_13_201_B_McCullum.png</url>
	</graph>
	<graph>
		<id>wag_6326</id>
		<name>Kane Williamson</name>
			<url>http://synd.cricbuzz.com/archive/2015_WC/NZ_SL_FEB14/gph_wag_12855_13_6326_Williamson.png</url>
	</graph>
	<graph>
		<id>wag_521</id>
		<name>Ross Taylor</name>
			<url>http://synd.cricbuzz.com/archive/2015_WC/NZ_SL_FEB14/gph_wag_12855_13_521_Ross_Taylor.png</url>
	</graph>
	<graph>
		<id>wag_1064</id>
		<name>Grant Elliott</name>
			<url>http://synd.cricbuzz.com/archive/2015_WC/NZ_SL_FEB14/gph_wag_12855_13_1064_Elliott.png</url>
	</graph>
	<graph>
		<id>wag_8982</id>
		<name>Corey Anderson</name>
			<url>http://synd.cricbuzz.com/archive/2015_WC/NZ_SL_FEB14/gph_wag_12855_13_8982_CJ_Anderson.png</url>
	</graph>
	<graph>
		<id>wag_1396</id>
		<name>Luke Ronchi</name>
			<url>http://synd.cricbuzz.com/archive/2015_WC/NZ_SL_FEB14/gph_wag_12855_13_1396_Ronchi.png</url>
	</graph>
			</team>
		</wagon-wheels>
</graphs>

