<graphs>
		<match-graphs>
	<graph>
		<id>mhtn_1</id>
		<name>Manhattan</name>
			<url>http://synd.cricbuzz.com/archive/2015_WC/NZ_AFG_MAR08/gph_mhtn_team_1.png</url>
			<url>http://synd.cricbuzz.com/archive/2015_WC/NZ_AFG_MAR08/gph_mhtn_team_2.png</url>
	</graph>
	<graph>
		<id>rrate</id>
		<name>Run Rate Graph</name>
			<url>http://synd.cricbuzz.com/archive/2015_WC/NZ_AFG_MAR08/gph_rrate.png</url>
	</graph>
	<graph>
		<id>rprog</id>
		<name>Run Progression Graph</name>
			<url>http://synd.cricbuzz.com/archive/2015_WC/NZ_AFG_MAR08/gph_rprog.png</url>
	</graph>
	<graph>
		<id>prtn_1</id>
		<name>Partnership</name>
			<url>http://synd.cricbuzz.com/archive/2015_WC/NZ_AFG_MAR08/gph_prtn_team_1.png</url>
			<url>http://synd.cricbuzz.com/archive/2015_WC/NZ_AFG_MAR08/gph_prtn_team_2.png</url>
	</graph>
		</match-graphs>
		<wagon-wheels>
			<team>
				<name>New Zealand</name>
	<graph>
		<id>wag_1457</id>
		<name>Martin Guptill</name>
			<url>http://synd.cricbuzz.com/archive/2015_WC/NZ_AFG_MAR08/gph_wag_12885_13_1457_M_Guptill.png</url>
	</graph>
	<graph>
		<id>wag_201</id>
		<name>Brendon McCullum</name>
			<url>http://synd.cricbuzz.com/archive/2015_WC/NZ_AFG_MAR08/gph_wag_12885_13_201_B_McCullum.png</url>
	</graph>
	<graph>
		<id>wag_6326</id>
		<name>Kane Williamson</name>
			<url>http://synd.cricbuzz.com/archive/2015_WC/NZ_AFG_MAR08/gph_wag_12885_13_6326_Williamson.png</url>
	</graph>
	<graph>
		<id>wag_521</id>
		<name>Ross Taylor</name>
			<url>http://synd.cricbuzz.com/archive/2015_WC/NZ_AFG_MAR08/gph_wag_12885_13_521_Ross_Taylor.png</url>
	</graph>
	<graph>
		<id>wag_1064</id>
		<name>Grant Elliott</name>
			<url>http://synd.cricbuzz.com/archive/2015_WC/NZ_AFG_MAR08/gph_wag_12885_13_1064_Elliott.png</url>
	</graph>
	<graph>
		<id>wag_8982</id>
		<name>Corey Anderson</name>
			<url>http://synd.cricbuzz.com/archive/2015_WC/NZ_AFG_MAR08/gph_wag_12885_13_8982_CJ_Anderson.png</url>
	</graph>
			</team>
			<team>
				<name>Afghanistan</name>
	<graph>
		<id>wag_7614</id>
		<name>Javed Ahmadi</name>
			<url>http://synd.cricbuzz.com/archive/2015_WC/NZ_AFG_MAR08/gph_wag_12885_96_7614_Ahmadi.png</url>
	</graph>
	<graph>
		<id>wag_9855</id>
		<name>Usman Ghani</name>
			<url>http://synd.cricbuzz.com/archive/2015_WC/NZ_AFG_MAR08/gph_wag_12885_96_9855_Usman_Ghani.png</url>
	</graph>
	<graph>
		<id>wag_3008</id>
		<name>Nawroz Mangal</name>
			<url>http://synd.cricbuzz.com/archive/2015_WC/NZ_AFG_MAR08/gph_wag_12885_96_3008_Nawroz.png</url>
	</graph>
	<graph>
		<id>wag_3004</id>
		<name>Asghar Stanikzai</name>
			<url>http://synd.cricbuzz.com/archive/2015_WC/NZ_AFG_MAR08/gph_wag_12885_96_3004_Stanikzai.png</url>
	</graph>
	<graph>
		<id>wag_3011</id>
		<name>Samiullah Shenwari</name>
			<url>http://synd.cricbuzz.com/archive/2015_WC/NZ_AFG_MAR08/gph_wag_12885_96_3011_Shenwari.png</url>
	</graph>
	<graph>
		<id>wag_3007</id>
		<name>Mohammad Nabi</name>
			<url>http://synd.cricbuzz.com/archive/2015_WC/NZ_AFG_MAR08/gph_wag_12885_96_3007_Nabi.png</url>
	</graph>
	<graph>
		<id>wag_8278</id>
		<name>Afsar Zazai</name>
			<url>http://synd.cricbuzz.com/archive/2015_WC/NZ_AFG_MAR08/gph_wag_12885_96_8278_Zazai.png</url>
	</graph>
	<graph>
		<id>wag_8375</id>
		<name>Najibullah Zadran</name>
			<url>http://synd.cricbuzz.com/archive/2015_WC/NZ_AFG_MAR08/gph_wag_12885_96_8375_Najibullah.png</url>
	</graph>
	<graph>
		<id>wag_8029</id>
		<name>Dawlat Zadran</name>
			<url>http://synd.cricbuzz.com/archive/2015_WC/NZ_AFG_MAR08/gph_wag_12885_96_8029_Dawlat_Zadran.png</url>
	</graph>
	<graph>
		<id>wag_3001</id>
		<name>Hamid Hassan</name>
			<url>http://synd.cricbuzz.com/archive/2015_WC/NZ_AFG_MAR08/gph_wag_12885_96_3001_Hamid.png</url>
	</graph>
	<graph>
		<id>wag_3015</id>
		<name>Shapoor Zadran</name>
			<url>http://synd.cricbuzz.com/archive/2015_WC/NZ_AFG_MAR08/gph_wag_12885_96_3015_Shapoor.png</url>
	</graph>
			</team>
		</wagon-wheels>
</graphs>

