<graphs>
		<match-graphs>
	<graph>
		<id>mhtn_1</id>
		<name>Manhattan</name>
			<url>http://synd.cricbuzz.com/archive/2015_WC/AUS_SCO_MAR14/gph_mhtn_team_1.png</url>
			<url>http://synd.cricbuzz.com/archive/2015_WC/AUS_SCO_MAR14/gph_mhtn_team_2.png</url>
	</graph>
	<graph>
		<id>rrate</id>
		<name>Run Rate Graph</name>
			<url>http://synd.cricbuzz.com/archive/2015_WC/AUS_SCO_MAR14/gph_rrate.png</url>
	</graph>
	<graph>
		<id>rprog</id>
		<name>Run Progression Graph</name>
			<url>http://synd.cricbuzz.com/archive/2015_WC/AUS_SCO_MAR14/gph_rprog.png</url>
	</graph>
	<graph>
		<id>prtn_1</id>
		<name>Partnership</name>
			<url>http://synd.cricbuzz.com/archive/2015_WC/AUS_SCO_MAR14/gph_prtn_team_1.png</url>
			<url>http://synd.cricbuzz.com/archive/2015_WC/AUS_SCO_MAR14/gph_prtn_team_2.png</url>
	</graph>
		</match-graphs>
		<wagon-wheels>
			<team>
				<name>Scotland</name>
	<graph>
		<id>wag_1415</id>
		<name>Kyle Coetzer</name>
			<url>http://synd.cricbuzz.com/archive/2015_WC/AUS_SCO_MAR14/gph_wag_12894_23_1415_K_Coetzer.png</url>
	</graph>
	<graph>
		<id>wag_1416</id>
		<name>Calum MacLeod</name>
			<url>http://synd.cricbuzz.com/archive/2015_WC/AUS_SCO_MAR14/gph_wag_12894_23_1416_C_MacLeod.png</url>
	</graph>
	<graph>
		<id>wag_6565</id>
		<name>Matt Machan</name>
			<url>http://synd.cricbuzz.com/archive/2015_WC/AUS_SCO_MAR14/gph_wag_12894_23_6565_M_Machan.png</url>
	</graph>
	<graph>
		<id>wag_6744</id>
		<name>Preston Mommsen</name>
			<url>http://synd.cricbuzz.com/archive/2015_WC/AUS_SCO_MAR14/gph_wag_12894_23_6744_P_Mommsen.png</url>
	</graph>
	<graph>
		<id>wag_9318</id>
		<name>Freddie Coleman</name>
			<url>http://synd.cricbuzz.com/archive/2015_WC/AUS_SCO_MAR14/gph_wag_12894_23_9318_F_Coleman.png</url>
	</graph>
	<graph>
		<id>wag_1398</id>
		<name>Richie Berrington</name>
			<url>http://synd.cricbuzz.com/archive/2015_WC/AUS_SCO_MAR14/gph_wag_12894_23_1398_R_Berrington.png</url>
	</graph>
	<graph>
		<id>wag_9365</id>
		<name>Matthew Cross</name>
			<url>http://synd.cricbuzz.com/archive/2015_WC/AUS_SCO_MAR14/gph_wag_12894_23_9365_M_Cross.png</url>
	</graph>
	<graph>
		<id>wag_6657</id>
		<name>Josh Davey</name>
			<url>http://synd.cricbuzz.com/archive/2015_WC/AUS_SCO_MAR14/gph_wag_12894_23_6657_J_Davey.png</url>
	</graph>
	<graph>
		<id>wag_8327</id>
		<name>Rob Taylor</name>
			<url>http://synd.cricbuzz.com/archive/2015_WC/AUS_SCO_MAR14/gph_wag_12894_23_8327_R_Taylor.png</url>
	</graph>
	<graph>
		<id>wag_9383</id>
		<name>Michael Leask</name>
			<url>http://synd.cricbuzz.com/archive/2015_WC/AUS_SCO_MAR14/gph_wag_12894_23_9383_M_A_Leask.png</url>
	</graph>
	<graph>
		<id>wag_8423</id>
		<name>Iain Wardlaw</name>
			<url>http://synd.cricbuzz.com/archive/2015_WC/AUS_SCO_MAR14/gph_wag_12894_23_8423_Iain_Wardlaw.png</url>
	</graph>
			</team>
			<team>
				<name>Australia</name>
	<graph>
		<id>wag_138</id>
		<name>Michael Clarke</name>
			<url>http://synd.cricbuzz.com/archive/2015_WC/AUS_SCO_MAR14/gph_wag_12894_4_138_Clarke.png</url>
	</graph>
	<graph>
		<id>wag_1643</id>
		<name>Aaron Finch</name>
			<url>http://synd.cricbuzz.com/archive/2015_WC/AUS_SCO_MAR14/gph_wag_12894_4_1643_Finch.png</url>
	</graph>
	<graph>
		<id>wag_158</id>
		<name>Shane Watson</name>
			<url>http://synd.cricbuzz.com/archive/2015_WC/AUS_SCO_MAR14/gph_wag_12894_4_158_Watson.png</url>
	</graph>
	<graph>
		<id>wag_7789</id>
		<name>James Faulkner</name>
			<url>http://synd.cricbuzz.com/archive/2015_WC/AUS_SCO_MAR14/gph_wag_12894_4_7789_Faulkner.png</url>
	</graph>
	<graph>
		<id>wag_1739</id>
		<name>David Warner</name>
			<url>http://synd.cricbuzz.com/archive/2015_WC/AUS_SCO_MAR14/gph_wag_12894_4_1739_Warner.png</url>
	</graph>
			</team>
		</wagon-wheels>
</graphs>

