<graphs>
		<match-graphs>
	<graph>
		<id>mhtn_1</id>
		<name>Manhattan</name>
			<url>http://synd.cricbuzz.com/archive/2015_WC/BAN_SCO_MAR05/gph_mhtn_team_1.png</url>
			<url>http://synd.cricbuzz.com/archive/2015_WC/BAN_SCO_MAR05/gph_mhtn_team_2.png</url>
	</graph>
	<graph>
		<id>rrate</id>
		<name>Run Rate Graph</name>
			<url>http://synd.cricbuzz.com/archive/2015_WC/BAN_SCO_MAR05/gph_rrate.png</url>
	</graph>
	<graph>
		<id>rprog</id>
		<name>Run Progression Graph</name>
			<url>http://synd.cricbuzz.com/archive/2015_WC/BAN_SCO_MAR05/gph_rprog.png</url>
	</graph>
	<graph>
		<id>prtn_1</id>
		<name>Partnership</name>
			<url>http://synd.cricbuzz.com/archive/2015_WC/BAN_SCO_MAR05/gph_prtn_team_1.png</url>
			<url>http://synd.cricbuzz.com/archive/2015_WC/BAN_SCO_MAR05/gph_prtn_team_2.png</url>
	</graph>
		</match-graphs>
		<wagon-wheels>
			<team>
				<name>Scotland</name>
	<graph>
		<id>wag_1415</id>
		<name>Kyle Coetzer</name>
			<url>http://synd.cricbuzz.com/archive/2015_WC/BAN_SCO_MAR05/gph_wag_12881_23_1415_K_Coetzer.png</url>
	</graph>
	<graph>
		<id>wag_1416</id>
		<name>Calum MacLeod</name>
			<url>http://synd.cricbuzz.com/archive/2015_WC/BAN_SCO_MAR05/gph_wag_12881_23_1416_C_MacLeod.png</url>
	</graph>
	<graph>
		<id>wag_9523</id>
		<name>Hamish Gardiner</name>
			<url>http://synd.cricbuzz.com/archive/2015_WC/BAN_SCO_MAR05/gph_wag_12881_23_9523_H_Gardiner.png</url>
	</graph>
	<graph>
		<id>wag_6565</id>
		<name>Matt Machan</name>
			<url>http://synd.cricbuzz.com/archive/2015_WC/BAN_SCO_MAR05/gph_wag_12881_23_6565_M_Machan.png</url>
	</graph>
	<graph>
		<id>wag_6744</id>
		<name>Preston Mommsen</name>
			<url>http://synd.cricbuzz.com/archive/2015_WC/BAN_SCO_MAR05/gph_wag_12881_23_6744_P_Mommsen.png</url>
	</graph>
	<graph>
		<id>wag_1398</id>
		<name>Richie Berrington</name>
			<url>http://synd.cricbuzz.com/archive/2015_WC/BAN_SCO_MAR05/gph_wag_12881_23_1398_R_Berrington.png</url>
	</graph>
	<graph>
		<id>wag_9365</id>
		<name>Matthew Cross</name>
			<url>http://synd.cricbuzz.com/archive/2015_WC/BAN_SCO_MAR05/gph_wag_12881_23_9365_M_Cross.png</url>
	</graph>
	<graph>
		<id>wag_6657</id>
		<name>Josh Davey</name>
			<url>http://synd.cricbuzz.com/archive/2015_WC/BAN_SCO_MAR05/gph_wag_12881_23_6657_J_Davey.png</url>
	</graph>
	<graph>
		<id>wag_646</id>
		<name>Majid Haq</name>
			<url>http://synd.cricbuzz.com/archive/2015_WC/BAN_SCO_MAR05/gph_wag_12881_23_646_M_Haq.png</url>
	</graph>
	<graph>
		<id>wag_3053</id>
		<name>Alasdair Evans</name>
			<url>http://synd.cricbuzz.com/archive/2015_WC/BAN_SCO_MAR05/gph_wag_12881_23_3053_A_Evans.png</url>
	</graph>
			</team>
			<team>
				<name>Bangladesh</name>
	<graph>
		<id>wag_612</id>
		<name>Tamim Iqbal</name>
			<url>http://synd.cricbuzz.com/archive/2015_WC/BAN_SCO_MAR05/gph_wag_12881_6_612_Tamim.png</url>
	</graph>
	<graph>
		<id>wag_8233</id>
		<name>Soumya Sarkar</name>
			<url>http://synd.cricbuzz.com/archive/2015_WC/BAN_SCO_MAR05/gph_wag_12881_6_8233_Soumya_Sarkar.png</url>
	</graph>
	<graph>
		<id>wag_1121</id>
		<name>Mahmudullah</name>
			<url>http://synd.cricbuzz.com/archive/2015_WC/BAN_SCO_MAR05/gph_wag_12881_6_1121_Mahmudullah.png</url>
	</graph>
	<graph>
		<id>wag_394</id>
		<name>Mushfiqur Rahim</name>
			<url>http://synd.cricbuzz.com/archive/2015_WC/BAN_SCO_MAR05/gph_wag_12881_6_394_Rahim.png</url>
	</graph>
	<graph>
		<id>wag_544</id>
		<name>Shakib Al Hasan</name>
			<url>http://synd.cricbuzz.com/archive/2015_WC/BAN_SCO_MAR05/gph_wag_12881_6_544_Shakib.png</url>
	</graph>
	<graph>
		<id>wag_8231</id>
		<name>Sabbir Rahman</name>
			<url>http://synd.cricbuzz.com/archive/2015_WC/BAN_SCO_MAR05/gph_wag_12881_6_8231_S_Rahman.png</url>
	</graph>
			</team>
		</wagon-wheels>
</graphs>

