<graphs>
		<match-graphs>
	<graph>
		<id>mhtn_1</id>
		<name>Manhattan</name>
			<url>http://synd.cricbuzz.com/archive/2015_WC/IRE_ZIM_MAR07/gph_mhtn_team_1.png</url>
			<url>http://synd.cricbuzz.com/archive/2015_WC/IRE_ZIM_MAR07/gph_mhtn_team_2.png</url>
	</graph>
	<graph>
		<id>rrate</id>
		<name>Run Rate Graph</name>
			<url>http://synd.cricbuzz.com/archive/2015_WC/IRE_ZIM_MAR07/gph_rrate.png</url>
	</graph>
	<graph>
		<id>rprog</id>
		<name>Run Progression Graph</name>
			<url>http://synd.cricbuzz.com/archive/2015_WC/IRE_ZIM_MAR07/gph_rprog.png</url>
	</graph>
	<graph>
		<id>prtn_1</id>
		<name>Partnership</name>
			<url>http://synd.cricbuzz.com/archive/2015_WC/IRE_ZIM_MAR07/gph_prtn_team_1.png</url>
			<url>http://synd.cricbuzz.com/archive/2015_WC/IRE_ZIM_MAR07/gph_prtn_team_2.png</url>
	</graph>
		</match-graphs>
		<wagon-wheels>
			<team>
				<name>Ireland</name>
	<graph>
		<id>wag_625</id>
		<name>William Porterfield</name>
			<url>http://synd.cricbuzz.com/archive/2015_WC/IRE_ZIM_MAR07/gph_wag_12884_27_625_Porterfield.png</url>
	</graph>
	<graph>
		<id>wag_1114</id>
		<name>Paul Stirling</name>
			<url>http://synd.cricbuzz.com/archive/2015_WC/IRE_ZIM_MAR07/gph_wag_12884_27_1114_Stirling.png</url>
	</graph>
	<graph>
		<id>wag_540</id>
		<name>Ed Joyce</name>
			<url>http://synd.cricbuzz.com/archive/2015_WC/IRE_ZIM_MAR07/gph_wag_12884_27_540_Ed_Joyce.png</url>
	</graph>
	<graph>
		<id>wag_6710</id>
		<name>Andrew Balbirnie</name>
			<url>http://synd.cricbuzz.com/archive/2015_WC/IRE_ZIM_MAR07/gph_wag_12884_27_6710_Balbirnie.png</url>
	</graph>
	<graph>
		<id>wag_690</id>
		<name>Kevin O'Brien</name>
			<url>http://synd.cricbuzz.com/archive/2015_WC/IRE_ZIM_MAR07/gph_wag_12884_27_690_K_O'Brien.png</url>
	</graph>
	<graph>
		<id>wag_739</id>
		<name>Gary Wilson</name>
			<url>http://synd.cricbuzz.com/archive/2015_WC/IRE_ZIM_MAR07/gph_wag_12884_27_739_G_Wilson.png</url>
	</graph>
	<graph>
		<id>wag_622</id>
		<name>John Mooney</name>
			<url>http://synd.cricbuzz.com/archive/2015_WC/IRE_ZIM_MAR07/gph_wag_12884_27_622_J_Mooney.png</url>
	</graph>
	<graph>
		<id>wag_691</id>
		<name>Niall O'Brien</name>
			<url>http://synd.cricbuzz.com/archive/2015_WC/IRE_ZIM_MAR07/gph_wag_12884_27_691_N_O'Brien.png</url>
	</graph>
	<graph>
		<id>wag_6329</id>
		<name>George Dockrell</name>
			<url>http://synd.cricbuzz.com/archive/2015_WC/IRE_ZIM_MAR07/gph_wag_12884_27_6329_Dockrell.png</url>
	</graph>
	<graph>
		<id>wag_735</id>
		<name>Alex Cusack</name>
			<url>http://synd.cricbuzz.com/archive/2015_WC/IRE_ZIM_MAR07/gph_wag_12884_27_735_Cusack.png</url>
	</graph>
			</team>
			<team>
				<name>Zimbabwe</name>
	<graph>
		<id>wag_436</id>
		<name>Chamu Chibhabha</name>
			<url>http://synd.cricbuzz.com/archive/2015_WC/IRE_ZIM_MAR07/gph_wag_12884_12_436_Chibhabha.png</url>
	</graph>
	<graph>
		<id>wag_9354</id>
		<name>Sikandar Raza</name>
			<url>http://synd.cricbuzz.com/archive/2015_WC/IRE_ZIM_MAR07/gph_wag_12884_12_9354_S_Raza.png</url>
	</graph>
	<graph>
		<id>wag_9737</id>
		<name>Solomon Mire</name>
			<url>http://synd.cricbuzz.com/archive/2015_WC/IRE_ZIM_MAR07/gph_wag_12884_12_9737_Solomon_Mire.png</url>
	</graph>
	<graph>
		<id>wag_425</id>
		<name>Hamilton Masakadza</name>
			<url>http://synd.cricbuzz.com/archive/2015_WC/IRE_ZIM_MAR07/gph_wag_12884_12_425_H_Masakadza.png</url>
	</graph>
	<graph>
		<id>wag_180</id>
		<name>Brendan Taylor</name>
			<url>http://synd.cricbuzz.com/archive/2015_WC/IRE_ZIM_MAR07/gph_wag_12884_12_180_Brendan_Taylor.png</url>
	</graph>
	<graph>
		<id>wag_441</id>
		<name>Sean Williams</name>
			<url>http://synd.cricbuzz.com/archive/2015_WC/IRE_ZIM_MAR07/gph_wag_12884_12_441_Sean_Williams.png</url>
	</graph>
	<graph>
		<id>wag_6334</id>
		<name>Craig Ervine</name>
			<url>http://synd.cricbuzz.com/archive/2015_WC/IRE_ZIM_MAR07/gph_wag_12884_12_6334_C_Ervine.png</url>
	</graph>
	<graph>
		<id>wag_781</id>
		<name>Regis Chakabva</name>
			<url>http://synd.cricbuzz.com/archive/2015_WC/IRE_ZIM_MAR07/gph_wag_12884_12_781_Chakabva.png</url>
	</graph>
	<graph>
		<id>wag_3465</id>
		<name>Tinashe Panyangara</name>
			<url>http://synd.cricbuzz.com/archive/2015_WC/IRE_ZIM_MAR07/gph_wag_12884_12_3465_Panyangara.png</url>
	</graph>
	<graph>
		<id>wag_175</id>
		<name>Tawanda Mupariwa</name>
			<url>http://synd.cricbuzz.com/archive/2015_WC/IRE_ZIM_MAR07/gph_wag_12884_12_175_T_Mupariwa.png</url>
	</graph>
	<graph>
		<id>wag_6483</id>
		<name>Tendai Chatara</name>
			<url>http://synd.cricbuzz.com/archive/2015_WC/IRE_ZIM_MAR07/gph_wag_12884_12_6483_Chatara.png</url>
	</graph>
			</team>
		</wagon-wheels>
</graphs>

