<graphs>
		<match-graphs>
	<graph>
		<id>mhtn_1</id>
		<name>Manhattan</name>
			<url>http://synd.cricbuzz.com/archive/2015_WC/AFG_SL_FEB22/gph_mhtn_team_1.png</url>
			<url>http://synd.cricbuzz.com/archive/2015_WC/AFG_SL_FEB22/gph_mhtn_team_2.png</url>
	</graph>
	<graph>
		<id>rrate</id>
		<name>Run Rate Graph</name>
			<url>http://synd.cricbuzz.com/archive/2015_WC/AFG_SL_FEB22/gph_rrate.png</url>
	</graph>
	<graph>
		<id>rprog</id>
		<name>Run Progression Graph</name>
			<url>http://synd.cricbuzz.com/archive/2015_WC/AFG_SL_FEB22/gph_rprog.png</url>
	</graph>
	<graph>
		<id>prtn_1</id>
		<name>Partnership</name>
			<url>http://synd.cricbuzz.com/archive/2015_WC/AFG_SL_FEB22/gph_prtn_team_1.png</url>
			<url>http://synd.cricbuzz.com/archive/2015_WC/AFG_SL_FEB22/gph_prtn_team_2.png</url>
	</graph>
		</match-graphs>
		<wagon-wheels>
			<team>
				<name>Sri Lanka</name>
	<graph>
		<id>wag_6243</id>
		<name>Lahiru Thirimanne</name>
			<url>http://synd.cricbuzz.com/archive/2015_WC/AFG_SL_FEB22/gph_wag_12866_5_6243_Thirimanne.png</url>
	</graph>
	<graph>
		<id>wag_105</id>
		<name>Tillakaratne Dilshan</name>
			<url>http://synd.cricbuzz.com/archive/2015_WC/AFG_SL_FEB22/gph_wag_12866_5_105_Dilshan.png</url>
	</graph>
	<graph>
		<id>wag_104</id>
		<name>Kumar Sangakkara</name>
			<url>http://synd.cricbuzz.com/archive/2015_WC/AFG_SL_FEB22/gph_wag_12866_5_104_Sangakkara.png</url>
	</graph>
	<graph>
		<id>wag_7952</id>
		<name>Dimuth Karunaratne</name>
			<url>http://synd.cricbuzz.com/archive/2015_WC/AFG_SL_FEB22/gph_wag_12866_5_7952_D_Karunaratne.png</url>
	</graph>
	<graph>
		<id>wag_101</id>
		<name>Mahela Jayawardene</name>
			<url>http://synd.cricbuzz.com/archive/2015_WC/AFG_SL_FEB22/gph_wag_12866_5_101_M_Jayawardene.png</url>
	</graph>
	<graph>
		<id>wag_1629</id>
		<name>Angelo Mathews</name>
			<url>http://synd.cricbuzz.com/archive/2015_WC/AFG_SL_FEB22/gph_wag_12866_5_1629_Mathews.png</url>
	</graph>
	<graph>
		<id>wag_6470</id>
		<name>Jeevan Mendis</name>
			<url>http://synd.cricbuzz.com/archive/2015_WC/AFG_SL_FEB22/gph_wag_12866_5_6470_J_Mendis.png</url>
	</graph>
	<graph>
		<id>wag_2281</id>
		<name>Thisara Perera</name>
			<url>http://synd.cricbuzz.com/archive/2015_WC/AFG_SL_FEB22/gph_wag_12866_5_2281_T_Perera.png</url>
	</graph>
			</team>
			<team>
				<name>Afghanistan</name>
	<graph>
		<id>wag_7614</id>
		<name>Javed Ahmadi</name>
			<url>http://synd.cricbuzz.com/archive/2015_WC/AFG_SL_FEB22/gph_wag_12866_96_7614_Ahmadi.png</url>
	</graph>
	<graph>
		<id>wag_3008</id>
		<name>Nawroz Mangal</name>
			<url>http://synd.cricbuzz.com/archive/2015_WC/AFG_SL_FEB22/gph_wag_12866_96_3008_Nawroz.png</url>
	</graph>
	<graph>
		<id>wag_3004</id>
		<name>Asghar Stanikzai</name>
			<url>http://synd.cricbuzz.com/archive/2015_WC/AFG_SL_FEB22/gph_wag_12866_96_3004_Stanikzai.png</url>
	</graph>
	<graph>
		<id>wag_3011</id>
		<name>Samiullah Shenwari</name>
			<url>http://synd.cricbuzz.com/archive/2015_WC/AFG_SL_FEB22/gph_wag_12866_96_3011_Shenwari.png</url>
	</graph>
	<graph>
		<id>wag_3007</id>
		<name>Mohammad Nabi</name>
			<url>http://synd.cricbuzz.com/archive/2015_WC/AFG_SL_FEB22/gph_wag_12866_96_3007_Nabi.png</url>
	</graph>
	<graph>
		<id>wag_8375</id>
		<name>Najibullah Zadran</name>
			<url>http://synd.cricbuzz.com/archive/2015_WC/AFG_SL_FEB22/gph_wag_12866_96_8375_Najibullah.png</url>
	</graph>
	<graph>
		<id>wag_8278</id>
		<name>Afsar Zazai</name>
			<url>http://synd.cricbuzz.com/archive/2015_WC/AFG_SL_FEB22/gph_wag_12866_96_8278_Zazai.png</url>
	</graph>
	<graph>
		<id>wag_3013</id>
		<name>Mirwais Ashraf</name>
			<url>http://synd.cricbuzz.com/archive/2015_WC/AFG_SL_FEB22/gph_wag_12866_96_3013_Mirwais.png</url>
	</graph>
	<graph>
		<id>wag_8029</id>
		<name>Dawlat Zadran</name>
			<url>http://synd.cricbuzz.com/archive/2015_WC/AFG_SL_FEB22/gph_wag_12866_96_8029_Dawlat_Zadran.png</url>
	</graph>
	<graph>
		<id>wag_3001</id>
		<name>Hamid Hassan</name>
			<url>http://synd.cricbuzz.com/archive/2015_WC/AFG_SL_FEB22/gph_wag_12866_96_3001_Hamid.png</url>
	</graph>
	<graph>
		<id>wag_3015</id>
		<name>Shapoor Zadran</name>
			<url>http://synd.cricbuzz.com/archive/2015_WC/AFG_SL_FEB22/gph_wag_12866_96_3015_Shapoor.png</url>
	</graph>
			</team>
		</wagon-wheels>
</graphs>

