<graphs>
		<match-graphs>
	<graph>
		<id>mhtn_1</id>
		<name>Manhattan</name>
			<url>http://synd.cricbuzz.com/archive/2015_WC/RSA_ZIM_FEB15/gph_mhtn_team_1.png</url>
			<url>http://synd.cricbuzz.com/archive/2015_WC/RSA_ZIM_FEB15/gph_mhtn_team_2.png</url>
	</graph>
	<graph>
		<id>rrate</id>
		<name>Run Rate Graph</name>
			<url>http://synd.cricbuzz.com/archive/2015_WC/RSA_ZIM_FEB15/gph_rrate.png</url>
	</graph>
	<graph>
		<id>rprog</id>
		<name>Run Progression Graph</name>
			<url>http://synd.cricbuzz.com/archive/2015_WC/RSA_ZIM_FEB15/gph_rprog.png</url>
	</graph>
	<graph>
		<id>prtn_1</id>
		<name>Partnership</name>
			<url>http://synd.cricbuzz.com/archive/2015_WC/RSA_ZIM_FEB15/gph_prtn_team_1.png</url>
			<url>http://synd.cricbuzz.com/archive/2015_WC/RSA_ZIM_FEB15/gph_prtn_team_2.png</url>
	</graph>
		</match-graphs>
		<wagon-wheels>
			<team>
				<name>South Africa</name>
	<graph>
		<id>wag_8520</id>
		<name>Quinton de Kock</name>
			<url>http://synd.cricbuzz.com/archive/2015_WC/RSA_ZIM_FEB15/gph_wag_12857_11_8520_de_Kock.png</url>
	</graph>
	<graph>
		<id>wag_314</id>
		<name>Hashim Amla</name>
			<url>http://synd.cricbuzz.com/archive/2015_WC/RSA_ZIM_FEB15/gph_wag_12857_11_314_Amla.png</url>
	</graph>
	<graph>
		<id>wag_7825</id>
		<name>Faf du Plessis</name>
			<url>http://synd.cricbuzz.com/archive/2015_WC/RSA_ZIM_FEB15/gph_wag_12857_11_7825_du_Plessis.png</url>
	</graph>
	<graph>
		<id>wag_370</id>
		<name>AB de Villiers</name>
			<url>http://synd.cricbuzz.com/archive/2015_WC/RSA_ZIM_FEB15/gph_wag_12857_11_370_de_Villiers.png</url>
	</graph>
	<graph>
		<id>wag_6349</id>
		<name>David Miller</name>
			<url>http://synd.cricbuzz.com/archive/2015_WC/RSA_ZIM_FEB15/gph_wag_12857_11_6349_D_Miller.png</url>
	</graph>
	<graph>
		<id>wag_211</id>
		<name>Jean-Paul Duminy</name>
			<url>http://synd.cricbuzz.com/archive/2015_WC/RSA_ZIM_FEB15/gph_wag_12857_11_211_Duminy.png</url>
	</graph>
			</team>
			<team>
				<name>Zimbabwe</name>
	<graph>
		<id>wag_436</id>
		<name>Chamu Chibhabha</name>
			<url>http://synd.cricbuzz.com/archive/2015_WC/RSA_ZIM_FEB15/gph_wag_12857_12_436_Chibhabha.png</url>
	</graph>
	<graph>
		<id>wag_9354</id>
		<name>Sikandar Raza</name>
			<url>http://synd.cricbuzz.com/archive/2015_WC/RSA_ZIM_FEB15/gph_wag_12857_12_9354_S_Raza.png</url>
	</graph>
	<graph>
		<id>wag_425</id>
		<name>Hamilton Masakadza</name>
			<url>http://synd.cricbuzz.com/archive/2015_WC/RSA_ZIM_FEB15/gph_wag_12857_12_425_H_Masakadza.png</url>
	</graph>
	<graph>
		<id>wag_180</id>
		<name>Brendan Taylor</name>
			<url>http://synd.cricbuzz.com/archive/2015_WC/RSA_ZIM_FEB15/gph_wag_12857_12_180_Brendan_Taylor.png</url>
	</graph>
	<graph>
		<id>wag_441</id>
		<name>Sean Williams</name>
			<url>http://synd.cricbuzz.com/archive/2015_WC/RSA_ZIM_FEB15/gph_wag_12857_12_441_Sean_Williams.png</url>
	</graph>
	<graph>
		<id>wag_6334</id>
		<name>Craig Ervine</name>
			<url>http://synd.cricbuzz.com/archive/2015_WC/RSA_ZIM_FEB15/gph_wag_12857_12_6334_C_Ervine.png</url>
	</graph>
	<graph>
		<id>wag_170</id>
		<name>Elton Chigumbura</name>
			<url>http://synd.cricbuzz.com/archive/2015_WC/RSA_ZIM_FEB15/gph_wag_12857_12_170_Chigumbura.png</url>
	</graph>
	<graph>
		<id>wag_9737</id>
		<name>Solomon Mire</name>
			<url>http://synd.cricbuzz.com/archive/2015_WC/RSA_ZIM_FEB15/gph_wag_12857_12_9737_Solomon_Mire.png</url>
	</graph>
	<graph>
		<id>wag_3465</id>
		<name>Tinashe Panyangara</name>
			<url>http://synd.cricbuzz.com/archive/2015_WC/RSA_ZIM_FEB15/gph_wag_12857_12_3465_Panyangara.png</url>
	</graph>
	<graph>
		<id>wag_6483</id>
		<name>Tendai Chatara</name>
			<url>http://synd.cricbuzz.com/archive/2015_WC/RSA_ZIM_FEB15/gph_wag_12857_12_6483_Chatara.png</url>
	</graph>
	<graph>
		<id>wag_586</id>
		<name>Tafadzwa Kamungozi</name>
			<url>http://synd.cricbuzz.com/archive/2015_WC/RSA_ZIM_FEB15/gph_wag_12857_12_586_T_Kamungozi.png</url>
	</graph>
			</team>
		</wagon-wheels>
</graphs>

