<graphs>
		<match-graphs>
	<graph>
		<id>mhtn_1</id>
		<name>Manhattan</name>
			<url>http://synd.cricbuzz.com/archive/2015_WC/SL_SCO_MAR11/gph_mhtn_team_1.png</url>
			<url>http://synd.cricbuzz.com/archive/2015_WC/SL_SCO_MAR11/gph_mhtn_team_2.png</url>
	</graph>
	<graph>
		<id>rrate</id>
		<name>Run Rate Graph</name>
			<url>http://synd.cricbuzz.com/archive/2015_WC/SL_SCO_MAR11/gph_rrate.png</url>
	</graph>
	<graph>
		<id>rprog</id>
		<name>Run Progression Graph</name>
			<url>http://synd.cricbuzz.com/archive/2015_WC/SL_SCO_MAR11/gph_rprog.png</url>
	</graph>
	<graph>
		<id>prtn_1</id>
		<name>Partnership</name>
			<url>http://synd.cricbuzz.com/archive/2015_WC/SL_SCO_MAR11/gph_prtn_team_1.png</url>
			<url>http://synd.cricbuzz.com/archive/2015_WC/SL_SCO_MAR11/gph_prtn_team_2.png</url>
	</graph>
		</match-graphs>
		<wagon-wheels>
			<team>
				<name>Scotland</name>
	<graph>
		<id>wag_1415</id>
		<name>Kyle Coetzer</name>
			<url>http://synd.cricbuzz.com/archive/2015_WC/SL_SCO_MAR11/gph_wag_12889_23_1415_K_Coetzer.png</url>
	</graph>
	<graph>
		<id>wag_1416</id>
		<name>Calum MacLeod</name>
			<url>http://synd.cricbuzz.com/archive/2015_WC/SL_SCO_MAR11/gph_wag_12889_23_1416_C_MacLeod.png</url>
	</graph>
	<graph>
		<id>wag_6565</id>
		<name>Matt Machan</name>
			<url>http://synd.cricbuzz.com/archive/2015_WC/SL_SCO_MAR11/gph_wag_12889_23_6565_M_Machan.png</url>
	</graph>
	<graph>
		<id>wag_6744</id>
		<name>Preston Mommsen</name>
			<url>http://synd.cricbuzz.com/archive/2015_WC/SL_SCO_MAR11/gph_wag_12889_23_6744_P_Mommsen.png</url>
	</graph>
	<graph>
		<id>wag_9318</id>
		<name>Freddie Coleman</name>
			<url>http://synd.cricbuzz.com/archive/2015_WC/SL_SCO_MAR11/gph_wag_12889_23_9318_F_Coleman.png</url>
	</graph>
	<graph>
		<id>wag_1398</id>
		<name>Richie Berrington</name>
			<url>http://synd.cricbuzz.com/archive/2015_WC/SL_SCO_MAR11/gph_wag_12889_23_1398_R_Berrington.png</url>
	</graph>
	<graph>
		<id>wag_9383</id>
		<name>Michael Leask</name>
			<url>http://synd.cricbuzz.com/archive/2015_WC/SL_SCO_MAR11/gph_wag_12889_23_9383_M_A_Leask.png</url>
	</graph>
	<graph>
		<id>wag_9365</id>
		<name>Matthew Cross</name>
			<url>http://synd.cricbuzz.com/archive/2015_WC/SL_SCO_MAR11/gph_wag_12889_23_9365_M_Cross.png</url>
	</graph>
	<graph>
		<id>wag_8327</id>
		<name>Rob Taylor</name>
			<url>http://synd.cricbuzz.com/archive/2015_WC/SL_SCO_MAR11/gph_wag_12889_23_8327_R_Taylor.png</url>
	</graph>
	<graph>
		<id>wag_6657</id>
		<name>Josh Davey</name>
			<url>http://synd.cricbuzz.com/archive/2015_WC/SL_SCO_MAR11/gph_wag_12889_23_6657_J_Davey.png</url>
	</graph>
	<graph>
		<id>wag_3053</id>
		<name>Alasdair Evans</name>
			<url>http://synd.cricbuzz.com/archive/2015_WC/SL_SCO_MAR11/gph_wag_12889_23_3053_A_Evans.png</url>
	</graph>
			</team>
			<team>
				<name>Sri Lanka</name>
	<graph>
		<id>wag_6243</id>
		<name>Lahiru Thirimanne</name>
			<url>http://synd.cricbuzz.com/archive/2015_WC/SL_SCO_MAR11/gph_wag_12889_5_6243_Thirimanne.png</url>
	</graph>
	<graph>
		<id>wag_105</id>
		<name>Tillakaratne Dilshan</name>
			<url>http://synd.cricbuzz.com/archive/2015_WC/SL_SCO_MAR11/gph_wag_12889_5_105_Dilshan.png</url>
	</graph>
	<graph>
		<id>wag_104</id>
		<name>Kumar Sangakkara</name>
			<url>http://synd.cricbuzz.com/archive/2015_WC/SL_SCO_MAR11/gph_wag_12889_5_104_Sangakkara.png</url>
	</graph>
	<graph>
		<id>wag_101</id>
		<name>Mahela Jayawardene</name>
			<url>http://synd.cricbuzz.com/archive/2015_WC/SL_SCO_MAR11/gph_wag_12889_5_101_M_Jayawardene.png</url>
	</graph>
	<graph>
		<id>wag_1629</id>
		<name>Angelo Mathews</name>
			<url>http://synd.cricbuzz.com/archive/2015_WC/SL_SCO_MAR11/gph_wag_12889_5_1629_Mathews.png</url>
	</graph>
	<graph>
		<id>wag_8116</id>
		<name>Kushal Janith Perera</name>
			<url>http://synd.cricbuzz.com/archive/2015_WC/SL_SCO_MAR11/gph_wag_12889_5_8116_K_Perera.png</url>
	</graph>
	<graph>
		<id>wag_2281</id>
		<name>Thisara Perera</name>
			<url>http://synd.cricbuzz.com/archive/2015_WC/SL_SCO_MAR11/gph_wag_12889_5_2281_T_Perera.png</url>
	</graph>
	<graph>
		<id>wag_8063</id>
		<name>Seekkuge Prasanna</name>
			<url>http://synd.cricbuzz.com/archive/2015_WC/SL_SCO_MAR11/gph_wag_12889_5_8063_S_Prasanna.png</url>
	</graph>
	<graph>
		<id>wag_507</id>
		<name>Nuwan Kulasekara</name>
			<url>http://synd.cricbuzz.com/archive/2015_WC/SL_SCO_MAR11/gph_wag_12889_5_507_N_Kulasekara.png</url>
	</graph>
	<graph>
		<id>wag_111</id>
		<name>Lasith Malinga</name>
			<url>http://synd.cricbuzz.com/archive/2015_WC/SL_SCO_MAR11/gph_wag_12889_5_111_Malinga.png</url>
	</graph>
	<graph>
		<id>wag_8393</id>
		<name>Dushmantha Chameera</name>
			<url>http://synd.cricbuzz.com/archive/2015_WC/SL_SCO_MAR11/gph_wag_12889_5_8393_Dushmantha_Chameera.png</url>
	</graph>
			</team>
		</wagon-wheels>
</graphs>

