<graphs>
		<match-graphs>
	<graph>
		<id>mhtn_1</id>
		<name>Manhattan</name>
			<url>http://synd.cricbuzz.com/archive/2015_WC/BAN_SL_FEB26/gph_mhtn_team_1.png</url>
			<url>http://synd.cricbuzz.com/archive/2015_WC/BAN_SL_FEB26/gph_mhtn_team_2.png</url>
	</graph>
	<graph>
		<id>rrate</id>
		<name>Run Rate Graph</name>
			<url>http://synd.cricbuzz.com/archive/2015_WC/BAN_SL_FEB26/gph_rrate.png</url>
	</graph>
	<graph>
		<id>rprog</id>
		<name>Run Progression Graph</name>
			<url>http://synd.cricbuzz.com/archive/2015_WC/BAN_SL_FEB26/gph_rprog.png</url>
	</graph>
	<graph>
		<id>prtn_1</id>
		<name>Partnership</name>
			<url>http://synd.cricbuzz.com/archive/2015_WC/BAN_SL_FEB26/gph_prtn_team_1.png</url>
			<url>http://synd.cricbuzz.com/archive/2015_WC/BAN_SL_FEB26/gph_prtn_team_2.png</url>
	</graph>
		</match-graphs>
		<wagon-wheels>
			<team>
				<name>Sri Lanka</name>
	<graph>
		<id>wag_6243</id>
		<name>Lahiru Thirimanne</name>
			<url>http://synd.cricbuzz.com/archive/2015_WC/BAN_SL_FEB26/gph_wag_12872_5_6243_Thirimanne.png</url>
	</graph>
	<graph>
		<id>wag_105</id>
		<name>Tillakaratne Dilshan</name>
			<url>http://synd.cricbuzz.com/archive/2015_WC/BAN_SL_FEB26/gph_wag_12872_5_105_Dilshan.png</url>
	</graph>
	<graph>
		<id>wag_104</id>
		<name>Kumar Sangakkara</name>
			<url>http://synd.cricbuzz.com/archive/2015_WC/BAN_SL_FEB26/gph_wag_12872_5_104_Sangakkara.png</url>
	</graph>
			</team>
			<team>
				<name>Bangladesh</name>
	<graph>
		<id>wag_612</id>
		<name>Tamim Iqbal</name>
			<url>http://synd.cricbuzz.com/archive/2015_WC/BAN_SL_FEB26/gph_wag_12872_6_612_Tamim.png</url>
	</graph>
	<graph>
		<id>wag_8237</id>
		<name>Anamul Haque</name>
			<url>http://synd.cricbuzz.com/archive/2015_WC/BAN_SL_FEB26/gph_wag_12872_6_8237_Anamul.png</url>
	</graph>
	<graph>
		<id>wag_8233</id>
		<name>Soumya Sarkar</name>
			<url>http://synd.cricbuzz.com/archive/2015_WC/BAN_SL_FEB26/gph_wag_12872_6_8233_Soumya_Sarkar.png</url>
	</graph>
	<graph>
		<id>wag_8219</id>
		<name>Mominul Haque</name>
			<url>http://synd.cricbuzz.com/archive/2015_WC/BAN_SL_FEB26/gph_wag_12872_6_8219_Mominul.png</url>
	</graph>
	<graph>
		<id>wag_1121</id>
		<name>Mahmudullah</name>
			<url>http://synd.cricbuzz.com/archive/2015_WC/BAN_SL_FEB26/gph_wag_12872_6_1121_Mahmudullah.png</url>
	</graph>
	<graph>
		<id>wag_544</id>
		<name>Shakib Al Hasan</name>
			<url>http://synd.cricbuzz.com/archive/2015_WC/BAN_SL_FEB26/gph_wag_12872_6_544_Shakib.png</url>
	</graph>
	<graph>
		<id>wag_394</id>
		<name>Mushfiqur Rahim</name>
			<url>http://synd.cricbuzz.com/archive/2015_WC/BAN_SL_FEB26/gph_wag_12872_6_394_Rahim.png</url>
	</graph>
	<graph>
		<id>wag_8231</id>
		<name>Sabbir Rahman</name>
			<url>http://synd.cricbuzz.com/archive/2015_WC/BAN_SL_FEB26/gph_wag_12872_6_8231_S_Rahman.png</url>
	</graph>
	<graph>
		<id>wag_323</id>
		<name>Mashrafe Mortaza</name>
			<url>http://synd.cricbuzz.com/archive/2015_WC/BAN_SL_FEB26/gph_wag_12872_6_323_Mortaza.png</url>
	</graph>
	<graph>
		<id>wag_1736</id>
		<name>Rubel Hossain</name>
			<url>http://synd.cricbuzz.com/archive/2015_WC/BAN_SL_FEB26/gph_wag_12872_6_1736_Rubel.png</url>
	</graph>
			</team>
		</wagon-wheels>
</graphs>

